ingred_clean,dfg_clean,ingred_desc,simple_name,ingred_code,sample_id,Similarity,match,replace
salted butter,unsalted butter,"Butter, salted",Unsalted butter,1001,817,0.854,,
whipped salt butter,unsalted butter,"Butter, whipped, with salt",Unsalted butter,1002,817,0.539,,
oil anhydrous butter,unsalted butter,"Butter oil, anhydrous",Unsalted butter,1003,817,0.364,,
cheese blue,cheese cream,"Cheese, blue",cream cheese,1004,906,0.542,n,
cheese brick,cheese american,"Cheese, brick",American Cheese,1005,762,0.584,n,Sharp Chedder Cheese
cheese brie,cheese cream,"Cheese, brie",cream cheese,1006,906,0.586,n,
cheese camembert,cheese american,"Cheese, camembert",American Cheese,1007,762,0.465,n,
cheese cheddar,chedder sharp cheese,"Cheese, cheddar",Sharp Chedder Cheese,1009,764,0.683,,
cheese colby,cheese cream,"Cheese, colby",cream cheese,1011,906,0.463,n,Sharp Chedder Cheese
large small creamed cottage curd cheese,cottage cheese,"Cheese, cottage, creamed, large or small curd",Cottage cheese,1012,244,0.643,,
nonfat large small dry cottage uncreamed curd cheese,cottage cheese,"Cheese, cottage, nonfat, uncreamed, dry, large or small curd",Cottage cheese,1014,244,0.554,n,
milkfat lowfat 2 cottage cheese,cottage cheese,"Cheese, cottage, lowfat, 2% milkfat",Cottage cheese,1015,244,0.662,,
1 milkfat lowfat cottage cheese,cottage cheese,"Cheese, cottage, lowfat, 1% milkfat",Cottage cheese,1016,244,0.665,n,
cheese cream,cheese cream,"Cheese, cream",cream cheese,1017,906,1,,
cheese feta,cheese cream,"Cheese, feta",cream cheese,1019,906,0.54,n,
cheese fontina,cheese cream,"Cheese, fontina",cream cheese,1020,906,0.418,n,
cheese gouda,cheese cream,"Cheese, gouda",cream cheese,1022,906,0.429,n,
cheese gruyere,cheese cream,"Cheese, gruyere",cream cheese,1023,906,0.422,n,
cheese monterey,cheese cream,"Cheese, monterey",cream cheese,1025,906,0.471,n,
cheese whole milk mozzarella,skim mozarella part moisture cheese low,"Cheese, mozzarella, whole milk",Low Moisture part Skim Mozarella cheese,1026,245,0.587,,
milk skim part cheese mozzarella,skim mozarella part moisture cheese low,"Cheese, mozzarella, part skim milk",Low Moisture part Skim Mozarella cheese,1028,245,0.726,,
skim part moisture cheese low mozzarella,skim mozarella part moisture cheese low,"Cheese, mozzarella, low moisture, part-skim",Low Moisture part Skim Mozarella cheese,1029,245,0.916,,
cheese muenster,cheese cream,"Cheese, muenster",cream cheese,1030,906,0.439,n,
cheese parmesan grated,cheese cream,"Cheese, parmesan, grated",cream cheese,1032,906,0.436,n,
cheese parmesan hard,chedder sharp cheese,"Cheese, parmesan, hard",Sharp Chedder Cheese,1033,764,0.467,n,
cheese provolone,cheese cream,"Cheese, provolone",cream cheese,1035,906,0.376,n,
cheese milk ricotta whole,cottage cheese,"Cheese, ricotta, whole milk",Cottage cheese,1036,244,0.654,n,
ricotta milk skim part cheese,cottage cheese,"Cheese, ricotta, part skim milk",Cottage cheese,1037,244,0.581,n,
cheese romano,cheese cream,"Cheese, romano",cream cheese,1038,906,0.49,n,
cheese swiss,cheese cream,"Cheese, swiss",cream cheese,1040,906,0.485,n,
d fortified pasteurized american process cheese vitamin,cheese american,"Cheese, pasteurized process, American, fortified with vitamin D",American Cheese,1042,762,0.528,,
spread pasteurized american process cheese,cheese american,"Cheese spread, pasteurized process, American",American Cheese,1048,762,0.579,,
half fluid cream,half,"Cream, fluid, half and half",half and half,1049,904,0.631,,
cream fluid table light coffee,brewed coffee,"Cream, fluid, light (coffee cream or table cream)",brewed coffee,1050,903,0.453,n,half and half
light whipping fluid cream,philippine mariani dried mango,"Cream, fluid, light whipping",Dried Philippines Mango (Mariani),1052,524,0.33,n,half and half
whipping fluid cream heavy,cheese cream,"Cream, fluid, heavy whipping",cream cheese,1053,906,0.305,n,half and half
whipped pressurized cream topping,chopped green giant spinach frozen,"Cream, whipped, cream topping, pressurized",Frozen Chopped Spinach (Green Giant),1054,721,0.333,n,
cultured cream sour,cream sour,"Cream, sour, cultured",Sour cream,1056,787,0.691,,
nonfat fat free american cheese,cheese american,"Cheese, American, nonfat or fat free",American Cheese,1061,762,0.719,,
vegetable oil substitute soy liquid hydrogenated cream protein,vegetable juice,"Cream substitute, liquid, with hydrogenated vegetable oil and soy protein",Vegetable juice,1067,234,0.393,n,
substitute cream powdered,powder protein,"Cream substitute, powdered",Protein powder,1069,778,0.339,n,
cultured imitation cream sour,cream sour,"Sour cream, imitation, cultured",Sour cream,1074,787,0.539,n,
milk milkfat d added whole vitamin 325,milk whole,"Milk, whole, 3.25% milkfat, with added vitamin D",Whole milk,1077,239,0.614,,
milk fat milkfat d added 2 fluid reduced a vitamin,milk whole,"Milk, reduced fat, fluid, 2% milkfat, with added vitamin A and vitamin D",Whole milk,1079,239,0.414,,
1 milk milkfat d lowfat added fluid a vitamin,chocolate milk lowfat,"Milk, lowfat, fluid, 1% milkfat, with added vitamin A and vitamin D",Lowfat chocolate milk,1082,238,0.53,n,
nonfat milk d fat skim added free fluid a vitamin,chocolate milk lowfat,"Milk, nonfat, fluid, with added vitamin A and vitamin D (fat free or skim)",Lowfat chocolate milk,1085,238,0.286,n,
milk lowfat fluid buttermilk cultured,chocolate milk lowfat,"Milk, buttermilk, fluid, cultured, lowfat",Lowfat chocolate milk,1088,238,0.491,n,
milk d added dry whole vitamin,milk whole,"Milk, dry, whole, with added vitamin D",Whole milk,1090,239,0.601,n,
nonfat milk without d added dry a vitamin regular,milk whole,"Milk, dry, nonfat, regular, without added vitamin A and vitamin D",Whole milk,1091,239,0.304,n,
nonfat milk d instant added dry a vitamin,soy milk,"Milk, dry, nonfat, instant, with added vitamin A and vitamin D",Soy milk,1092,228,0.295,n,
milk dried buttermilk,soy milk,"Milk, buttermilk, dried",Soy milk,1094,228,0.522,n,
milk d added fluid vitamin goat,milk whole,"Milk, goat, fluid, with added vitamin D",Whole milk,1106,239,0.325,n,
acid dried whey,dried apricot,"Whey, acid, dried",Dried apricots,1113,525,0.329,n,Protein powder
dried whey sweet,cherry sweet whole,"Whey, sweet, dried",Whole sweet cherry,1115,85,0.462,n,Protein powder
whole milk plain yogurt,yogurt,"Yogurt, plain, whole milk",Yogurt,1116,788,0.657,,
fat low plain yogurt,yogurt,"Yogurt, plain, low fat",Yogurt,1117,788,0.73,,
milk skim plain yogurt,yogurt,"Yogurt, plain, skim milk",Yogurt,1118,788,0.625,n,
egg fresh raw whole,egg brown whole,"Egg, whole, raw, fresh",Whole brown egg,1123,882,0.584,,
egg white raw fresh,egg brown white,"Egg, white, raw, fresh",Brown egg white,1124,879,0.626,,
egg fresh yolk raw,egg brown yolk,"Egg, yolk, raw, fresh",Brown egg yolk,1125,878,0.671,,
egg fried cooked whole,egg brown whole,"Egg, whole, cooked, fried",Whole brown egg,1128,882,0.537,,
egg cooked boiled whole hard,egg brown whole,"Egg, whole, cooked, hard-boiled",Whole brown egg,1129,882,0.492,,
egg poached cooked whole,egg brown whole,"Egg, whole, cooked, poached",Whole brown egg,1131,882,0.451,,
egg scrambled cooked whole,egg brown whole,"Egg, whole, cooked, scrambled",Whole brown egg,1132,882,0.432,,
egg dried whole,egg brown whole,"Egg, whole, dried",Whole brown egg,1133,882,0.605,n,
egg fresh raw whole quail,egg brown whole,"Egg, quail, whole, fresh, raw",Whole brown egg,1140,882,0.458,n,
without butter salt,unsalted butter,"Butter, without salt",Unsalted butter,1145,817,0.634,,
nonfat milk without d fat skim added free fluid a vitamin,milk whole,"Milk, nonfat, fluid, without added vitamin A and vitamin D (fat free or skim)",Whole milk,1151,239,0.298,n,
nonfat milk d added dry a vitamin regular,soy milk,"Milk, dry, nonfat, regular, with added vitamin A and vitamin D",Soy milk,1154,228,0.301,n,
cheese goat semisoft type,cheese cream,"Cheese, goat, semisoft type",cream cheese,1157,906,0.328,n,
prepared sauce from cheese recipe,cheese cream,"Cheese sauce, prepared from recipe",cream cheese,1164,906,0.409,n,
cheese anejo mexican queso,cheese american,"Cheese, mexican, queso anejo",American Cheese,1165,762,0.417,n,
cheese asadero mexican queso,cheese american,"Cheese, mexican, queso asadero",American Cheese,1166,762,0.442,n,
cheese mexican queso chihuahua,cheese american,"Cheese, mexican, queso chihuahua",American Cheese,1167,762,0.347,n,
sodium cheddar cheese colby low,chedder sharp cheese,"Cheese, low-sodium, cheddar or colby",Sharp Chedder Cheese,1169,764,0.479,,
milk fat milkfat without d added 2 fluid reduced a vitamin,milk whole,"Milk, reduced fat, fluid, 2% milkfat, without added vitamin A and vitamin D",Whole milk,1174,239,0.419,,
reduced fat cream sour,cream sour,"Sour cream, reduced fat",Sour cream,1178,787,0.705,,
light cream sour,cream sour,"Sour cream, light",Sour cream,1179,787,0.742,,
free fat cream sour,cream sour,"Sour cream, fat free",Sour cream,1180,787,0.825,n,
parmesan fat topping free cheese,cheese cream,"Parmesan cheese topping, fat free",cream cheese,1185,906,0.391,n,
cheese fat cream free,cheese cream,"Cheese, cream, fat free",cream cheese,1186,906,0.861,n,
free half fat cream,half,"Cream, half and half, fat free",half and half,1199,904,0.668,n,
substitute liquid flavored cream,cream sour,"Cream substitute, flavored, liquid",Sour cream,1205,787,0.278,n,
substitute flavored cream powdered,cocoa powder,"Cream substitute, flavored, powdered",Cocoa powder,1206,892,0.3,n,
cheese fat reduced provolone,cheese cream,"Cheese, provolone, reduced fat",cream cheese,1208,906,0.36,n,
fat blend mexican reduced cheese,cheese american,"Cheese, Mexican, blend, reduced fat",American Cheese,1209,762,0.455,n,
milk without milkfat d added a whole vitamin 325,milk whole,"Milk, whole, 3.25% milkfat, without added vitamin A and vitamin D",Whole milk,1211,239,0.599,,
milk without d added dry whole vitamin,milk whole,"Milk, dry, whole, without added vitamin D",Whole milk,1212,239,0.566,n,
fat d fortified product pasteurized american process reduced cheese vitamin,cheese american,"Cheese product, pasteurized process, American, reduced fat, fortified with vitamin D",American Cheese,1215,762,0.454,,
milk based muscle powder supplement protein,powder protein,"Protein supplement, milk based, Muscle Milk, powder",Protein powder,1223,778,0.545,,
milk based muscle light powder supplement protein,powder protein,"Protein supplement, milk based, Muscle Milk Light, powder",Protein powder,1224,778,0.519,,
egg fat free substitute liquid frozen,frozen bean green whole,"Egg substitute, liquid or frozen, fat free",Frozen whole green beans,1226,596,0.371,n,
cheese fresh queso fresco,cheese cream,"Cheese, fresh, queso fresco",cream cheese,1228,906,0.422,n,
milk fluid buttermilk whole,milk whole,"Milk, buttermilk, fluid, whole",Whole milk,1230,239,0.682,n,
nonfat milk calorie flavor yogurt chocolate sweetener frozen low,chocolate milk lowfat,"Yogurt, frozen, flavors not chocolate, nonfat milk, with low-calorie sweetener",Lowfat chocolate milk,1235,238,0.52,n,
made milk lowfat dessert from frozen bar,chocolate milk lowfat,"Milk dessert bar, frozen, made from lowfat milk",Lowfat chocolate milk,1244,238,0.429,n,
cheese mexican blend,cheese american,"Cheese, Mexican blend",American Cheese,1251,762,0.512,n,
d fortified product pasteurized american process cheese vitamin,cheese american,"Cheese product, pasteurized process, American, vitamin D fortified",American Cheese,1252,762,0.486,,
without d added pasteurized american process cheese vitamin,cheese american,"Cheese, pasteurized process, American, without added vitamin D",American Cheese,1253,762,0.542,,
nonfat program plain yogurt food for usda greek includes,yogurt,"Yogurt, Greek, plain, nonfat (Includes foods for USDA's Food Distribution Program)",Yogurt,1256,788,0.427,n,
spread fat base cheddar american reduced cheese,cheese american,"Cheese spread, American or Cheddar cheese base, reduced fat",American Cheese,1259,762,0.641,,
cheese fat cheddar reduced,chedder sharp cheese,"Cheese, cheddar, reduced fat",Sharp Chedder Cheese,1260,764,0.58,,
nonfat fat free cheddar cheese,chedder sharp cheese,"Cheese, cheddar, nonfat or fat free",Sharp Chedder Cheese,1265,764,0.526,n,
nonfat fat free cheese swiss,cheese cream,"Cheese, Swiss, nonfat or fat free",cream cheese,1266,906,0.39,n,
cheese cotija mexican queso,cheese american,"Cheese, mexican, queso cotija",American Cheese,1267,762,0.405,n,
strawberry greek lowfat yogurt,strawberry whole,"Yogurt, Greek, strawberry, lowfat",Whole strawberry,1284,83,0.599,n,
strawberry greek nonfat yogurt,strawberry whole,"Yogurt, Greek, strawberry, nonfat",Whole strawberry,1285,83,0.588,n,
nonfat greek vanilla yogurt,yogurt,"Yogurt, Greek, vanilla, nonfat",Yogurt,1286,788,0.535,n,
greek lowfat plain yogurt,yogurt,"Yogurt, Greek, plain, lowfat",Yogurt,1287,788,0.589,,
lifeway kefir plain lowfat,chocolate milk lowfat,"Kefir, lowfat, plain, LIFEWAY",Lowfat chocolate milk,1289,238,0.327,n,
strawberry kefir lifeway lowfat,strawberry whole,"Kefir, lowfat, strawberry, LIFEWAY",Whole strawberry,1290,83,0.527,n,
milk fat d free added a chocolate vitamin,chocolate milk lowfat,"Milk, chocolate, fat free, with added vitamin A and vitamin D",Lowfat chocolate milk,1292,238,0.628,,
milk plain yogurt whole greek,yogurt,"Yogurt, Greek, plain, whole milk",Yogurt,1293,788,0.585,,
milk yogurt fruit whole greek,yogurt,"Yogurt, Greek, fruit, whole milk",Yogurt,1294,788,0.591,n,
greek vanilla lowfat yogurt,yogurt,"Yogurt, Greek, vanilla, lowfat",Yogurt,1297,788,0.537,,
lowfat other flavor yogurt chocolate than frozen,chocolate milk lowfat,"Yogurt, frozen, flavors other than chocolate, lowfat",Lowfat chocolate milk,1298,238,0.572,n,
spice basil dried,basil,"Spices, basil, dried",Basil,2003,752,0.691,n,
spice seed caraway,carrot juice,"Spices, caraway seed",Carrot juice,2005,232,0.231,n,
spice celery seed,celery stalk steamed,"Spices, celery seed",Steamed Celery stalk,2007,129,0.529,n,
spice chili powder,cocoa powder,"Spices, chili powder",Cocoa powder,2009,892,0.449,n,
spice ground cinnamon,ground pork,"Spices, cinnamon, ground",ground pork,2010,910,0.399,n,
spice clove ground,ground pork,"Spices, cloves, ground",ground pork,2011,910,0.441,n,
spice coriander dried leaf,spinach leaf,"Spices, coriander leaf, dried",Spinach leaves,2012,125,0.366,n,
spice seed cumin,pumpkin seed,"Spices, cumin seed",Pumpkin seeds,2014,562,0.268,n,
spice curry powder,cocoa powder,"Spices, curry powder",Cocoa powder,2015,892,0.447,n,
spice garlic powder,garlic,"Spices, garlic powder",Garlic,2020,748,0.68,n,
spice ginger ground,ground pork,"Spices, ginger, ground",ground pork,2021,910,0.484,n,
spice marjoram dried,orange slice dried,"Spices, marjoram, dried",Dried orange slices,2023,533,0.351,n,
spice ground mustard seed,curely green mustard steamed,"Spices, mustard seed, ground",Steamed Curely mustard greens,2024,121,0.489,n,
spice nutmeg ground,ground pork,"Spices, nutmeg, ground",ground pork,2025,910,0.432,n,
spice powder onion,onion,"Spices, onion powder",Onion,2026,749,0.64,n,
spice dried oregano,orange slice dried,"Spices, oregano, dried",Dried orange slices,2027,533,0.366,n,
spice paprika,dried apricot,"Spices, paprika",Dried apricots,2028,525,0.345,n,
spice parsley dried,parsley,"Spices, parsley, dried",Parsley,2029,751,0.789,n,
spice pepper black,black tea,"Spices, pepper, black",Black tea,2030,779,0.461,n,
spice cayenne pepper red,pepper red steamed bell whole seed,"Spices, pepper, red or cayenne",Steamed whole red bell pepper w/o seed,2031,143,0.432,n,
spice poultry seasoning,onion,"Spices, poultry seasoning",Onion,2034,749,0.228,n,
spice pumpkin pie,pumpkin seed,"Spices, pumpkin pie spice",Pumpkin seeds,2035,562,0.724,n,
spice sage ground,ground pork,"Spices, sage, ground",ground pork,2038,910,0.539,n,
spice dried thyme,orange slice dried,"Spices, thyme, dried",Dried orange slices,2042,533,0.307,n,
spice ground turmeric,turkey ground,"Spices, turmeric, ground",ground turkey,2043,909,0.477,n,
basil fresh,basil,"Basil, fresh",Basil,2044,752,0.805,,
prepared yellow mustard,curely green mustard steamed,"Mustard, prepared, yellow",Steamed Curely mustard greens,2046,121,0.495,n,
iodized table salt,sugar table,"Salt, table, iodized",Table sugar,2047,773,0.274,n,
vinegar cider,garlic,"Vinegar, cider",Garlic,2048,748,0.186,n,
alcohol extract vanilla imitation,vanilla cooky,"Vanilla extract, imitation, no alcohol",Vanilla cookies,2052,253,0.419,n,
vinegar distilled,chip tortilla,"Vinegar, distilled",Tortilla chips,2053,828,0.24,n,
canned caper,black bean canned sw,"Capers, canned",Canned black beans (S&W),2054,268,0.414,n,
horseradish prepared,pepper red steamed bell whole seed,"Horseradish, prepared",Steamed whole red bell pepper w/o seed,2055,143,0.208,n,
without gerber babyfood added fluoride bottled water,rice cereal gerber,"Babyfood, water, bottled, GERBER, without added fluoride",Rice cereal (Gerber),3024,432,0.354,n,
babyfood pasta dinner vegetable,chip vegetable,"Babyfood, dinner, pasta with vegetables",Vegetable chips,3077,548,0.514,n,
babyfood strained applesauce fruit,top apple sauce tree original,"Babyfood, fruit, applesauce, strained",Original apple sauce (Tree top),3116,277,0.407,,
tapioca banana babyfood strained fruit,chip banana,"Babyfood, fruit, bananas with tapioca, strained",Banana chips,3129,527,0.481,n,
babyfood raspberry strained fruit apple,raspberry whole,"Babyfood, fruit, apple and raspberry, strained",Whole raspberry,3152,81,0.58,n,
babyfood apple juice banana,chip banana,"Babyfood, apple-banana juice",Banana chips,3167,527,0.558,n,
babyfood fortified cereal dry barley,grain barley pearl whole,"Babyfood, cereal, barley, dry fortified",Whole grain pearl barley,3181,470,0.426,,
babyfood fortified rice cereal dry,rice cereal gerber,"Babyfood, cereal, rice, dry fortified",Rice cereal (Gerber),3194,432,0.372,,
babyfood cooky,vanilla cooky,"Babyfood, cookies",Vanilla cookies,3213,253,0.369,,
babyfood teething biscuit,cracker wheat nabisco,"Babyfood, teething biscuits",Wheat crackers (Nabisco),3216,510,0.266,n,
babyfood pudding dessert custard strained vanilla,vanilla cream bean ice,"Babyfood, dessert, custard pudding, vanilla, strained",Vanilla bean ice cream,3245,789,0.356,n,
junior babyfood pudding dessert custard vanilla,vanilla cooky,"Babyfood, dessert, custard pudding, vanilla, junior",Vanilla cookies,3246,253,0.362,n,
junior tapioca babyfood fruit banana,chip banana,"Babyfood, fruit, bananas with tapioca, junior",Banana chips,3280,527,0.449,n,
abbott pediasure child feed formula nutrition ready,grain cereal multi,"Child formula, ABBOTT NUTRITION, PEDIASURE, ready-to-feed",Multi grain cereal,3860,256,0.23,n,
babyfood filling fortified cereal fruit bar,fillet fish based plant,"Babyfood, fortified cereal bar, fruit filling",plant based fish fillet,3964,1094,0.306,n,snack bar (blueberry)
tallow fat beef,yellow nectarine whole,"Fat, beef tallow",Whole yellow nectarine,4001,60,0.306,n,
lard,steamed stalk green collard leaf,Lard,Steamed Collard greens leaves and stalk,4002,119,0.403,n,
partially oil soybean salad hydrogenated,artichoke canned heart,"Oil, soybean, salad or cooking, (partially hydrogenated)",Canned Artichoke hearts,4034,274,0.245,n,
salad peanut oil,peanut,"Oil, peanut, salad or cooking",Peanuts,4042,551,0.703,n,
soybean salad oil,soy milk,"Oil, soybean, salad or cooking",Soy milk,4044,228,0.342,n,
coconut oil,milk coconut,"Oil, coconut",coconut milk,4047,898,0.832,n,
salad oil olive,chive,"Oil, olive, salad or cooking",chives,4053,907,0.366,n,
salad oil sesame,cheese american,"Oil, sesame, salad or cooking",American Cheese,4058,762,0.224,n,
spread fat margarine 39 35 tub,spread market 365 tahini food whole,"Margarine,spread, 35-39% fat, tub",Tahini spread (365 Whole Foods Market),4128,474,0.342,n,
salad cottonseed oil,cottage cheese,"Oil, cottonseed, salad or cooking",Cottage cheese,4502,244,0.292,n,
approx oil linoleic 65 sunflower,sunflower seed,"Oil, sunflower, linoleic, (approx. 65%)",Sunflower seeds,4506,561,0.555,n,
oleic of oil commerce salad safflower primary high,cheese commercial mac,"Oil, safflower, salad or cooking, high oleic (primary safflower oil of commerce)",Commercial Mac and Cheese,4511,282,0.356,n,
oil corn retail salad all purpose industrial,flour all purpose,"Oil, corn, industrial and retail, all purpose salad or cooking",All purpose flour,4518,774,0.531,n,
almond oil,roasted almond,"Oil, almond",roasted almonds,4529,899,0.765,n,
chicken fat,breast chicken,"Fat, chicken",Chicken breast,4542,875,0.7,n,
partially oil soybean salad cottonseed hydrogenated,pear bartlett seed whole,"Oil, soybean, salad or cooking, (partially hydrogenated) and cottonseed",Whole Bartlett pear w/o seed,4543,34,0.241,n,
shortening soybean cottonseed hydrogenated industrial,green bean steamed,"Shortening industrial, soybean (hydrogenated) and cottonseed",Steamed Green beans,4554,132,0.239,n,
turkey fat,turkey ground,"Fat, turkey",ground turkey,4575,909,0.662,n,
canola oil,granola,"Oil, canola",Granola,4582,775,0.747,n,
margarine like oil blend soybean butter,cracker peanut butter,"Margarine-like, margarine-butter blend, soybean oil and butter",Peanut butter crackers,4585,545,0.336,n,
light stick butter salt,unsalted butter,"Butter, light, stick, with salt",Unsalted butter,4601,817,0.529,,
grease fat bacon animal,cracker shaped animal,"Animal fat, bacon grease",Animal shaped crackers,4609,540,0.445,n,
fat margarine composite salt 80 stick regular,large house green tomato whole,"Margarine, regular, 80% fat, composite, stick, with salt",Whole Green house (large) tomato,4610,75,0.256,n,
fat margarine composite salt 80 regular tub,large house green tomato whole,"Margarine, regular, 80% fat, composite, tub, with salt",Whole Green house (large) tomato,4611,75,0.261,n,
spread vegetable oil margarine like fat 60 salt tub,chip vegetable,"Margarine-like, vegetable oil spread, 60% fat, tub, with salt",Vegetable chips,4613,548,0.462,n,
spread vegetable oil margarine like fat sticktubbottle 60 salt,vegetable juice,"Margarine-like, vegetable oil spread, 60% fat, stick/tub/bottle, with salt",Vegetable juice,4614,234,0.395,n,
shortening composite vegetable household,chip vegetable,"Shortening, vegetable, household, composite",Vegetable chips,4615,548,0.409,n,
fat margarine without composite salt 80 stick regular,large house green tomato whole,"Margarine, regular, 80% fat, composite, stick, without salt",Whole Green house (large) tomato,4617,75,0.293,n,
spread vegetable oil margarine like fat free salt liquid,vegetable juice,"Margarine-like, vegetable oil spread, fat free, liquid, with salt",Vegetable juice,4624,234,0.456,n,
spread fat margarine like yogurt approximately 40 salt tub,yogurt,"Margarine-like spread with yogurt, approximately 40% fat, tub, with salt",Yogurt,4627,788,0.381,n,
spread vegetable oil margarine like fat free tub,chip vegetable,"Margarine-like, vegetable oil spread, fat-free, tub",Vegetable chips,4631,548,0.481,n,
spread vegetable oil margarine like 20 fat salt,chip vegetable,"Margarine-like, vegetable oil spread, 20% fat, with salt",Vegetable chips,4633,548,0.477,n,
fat island free salad thousand dressing,large house green tomato whole,"Salad dressing, thousand island dressing, fat-free",Whole Green house (large) tomato,4635,75,0.23,n,
fat free salad italian dressing,raisin bran cereal,"Salad dressing, italian dressing, fat-free",Raisin bran cereal,4636,503,0.259,n,
dressing ranch salad regular,raisin bran cereal,"Salad dressing, ranch dressing, regular",Raisin bran cereal,4639,503,0.291,n,
dressing light salad mayonnaise,mayonnaise,"Salad dressing, mayonnaise, light",Mayonnaise,4641,814,0.696,,
partially oil butter flavor soy multiuse for non hydrogenated dairy industrial,grain cereal multi,"Oil, industrial, soy (partially hydrogenated), multiuse for non-dairy butter flavor",Multi grain cereal,4651,256,0.308,n,
partially oil soy all purpose hydrogenated industrial,flour all purpose,"Oil, industrial, soy ( partially hydrogenated), all purpose",All purpose flour,4652,774,0.463,n,
partially oil shortening cottonseed principal a soy use tortilla hydrogenated industrial,chip tortilla,"Oil, industrial, soy (partially hydrogenated)  and cottonseed, principal use as a tortilla shortening",Tortilla chips,4654,828,0.439,n,
confection fat oil ice coating typical for basis coconut cream industrial,strip dried coconut,"Oil, industrial, coconut, confection fat, typical basis for ice cream coatings",Dried coconut strips,4659,532,0.424,n,
original pam oil spray,top apple sauce tree original,"Oil, PAM cooking spray, original",Original apple sauce (Tree top),4679,277,0.494,n,
spread vegetable oil margarine like fat unspecified added d approximately salt vitamin 37,chip vegetable,"Margarine-like, vegetable oil spread, approximately 37% fat, unspecified oils, with salt, with added vitamin D",Vegetable chips,4690,548,0.345,n,
fat margarine d added composite salt vitamin 80 stick regular,red chard steamed organic stalk cal leaf,"Margarine, regular, 80% fat, composite, stick, with salt, with added vitamin D",Steamed Red chard leaves and stalk (Cal-Organic),4691,114,0.273,n,
fat margarine d added composite salt vitamin 80 regular tub,red chard steamed organic stalk cal leaf,"Margarine, regular, 80% fat, composite, tub, with salt, with added vitamin D",Steamed Red chard leaves and stalk (Cal-Organic),4692,114,0.25,n,
spread vegetable oil margarine like fat added d 60 salt vitamin tub,chip vegetable,"Margarine-like, vegetable oil spread, 60% fat, tub, with salt, with added vitamin D",Vegetable chips,4694,548,0.429,n,
spread vegetable oil margarine like fat added d sticktubbottle 60 vitamin,vegetable juice,"Margarine-like vegetable-oil spread, stick/tub/bottle, 60% fat, with added vitamin D",Vegetable juice,4695,234,0.387,n,
fat margarine without d added composite salt vitamin 80 stick regular,large house green tomato whole,"Margarine, regular, 80% fat, composite, stick, without salt, with added vitamin D",Whole Green house (large) tomato,4696,75,0.272,n,
oleic oil canola high industrial,granola,"Oil, industrial, canola, high oleic",Granola,4698,775,0.403,n,
oil soy linolenic low industrial,soy milk,"Oil, industrial, soy, low linolenic",Soy milk,4699,228,0.261,n,
oil soy linolenic ultra low industrial,grain brown lentil whole,"Oil, industrial, soy, ultra low linolenic",Whole grain brown lentils,4700,460,0.251,n,
oil fully soy hydrogenated industrial,soy milk,"Oil, industrial, soy, fully hydrogenated",Soy milk,4701,228,0.235,n,
broiler breast chicken bbq meat rotisserie,breast chicken,"Chicken, broiler, rotisserie, BBQ, breast, meat only",Chicken breast,5000,875,0.593,,
giblet broiler neck chicken meat roasted fryer skin,breast chicken,"Chicken, broilers or fryers, meat and skin and giblets and neck, roasted",Chicken breast,5004,875,0.453,n,
broiler chicken stewed meat fryer,breast chicken,"Chicken, broilers or fryers, meat only, stewed",Chicken breast,5014,875,0.466,,
broiler raw chicken fryer skin,breast chicken,"Chicken, broilers or fryers, skin only, raw",Chicken breast,5015,875,0.473,n,
broiler chicken cooked roasted fryer skin,breast chicken,"Chicken, broilers or fryers, skin only, cooked, roasted",Chicken breast,5018,875,0.497,n,
giblet broiler chicken cooked fryer simmered,breast chicken,"Chicken, broilers or fryers, giblets, cooked, simmered",Chicken breast,5022,875,0.393,n,
gizzard chicken cooked all class simmered,breast chicken,"Chicken, gizzard, all classes, cooked, simmered",Chicken breast,5024,875,0.353,n,
raw liver chicken all class,breast chicken,"Chicken, liver, all classes, raw",Chicken breast,5027,875,0.446,n,
liver chicken cooked all class simmered,breast chicken,"Chicken, liver, all classes, cooked, simmered",Chicken breast,5028,875,0.41,n,
broiler chicken cooked stewed meat fryer light,breast chicken,"Chicken, broilers or fryers, light meat, meat only, cooked, stewed",Chicken breast,5042,875,0.43,,
broiler chicken cooked meat roasted fryer dark,breast chicken,"Chicken, broilers or fryers, dark meat, meat only, cooked, roasted",Chicken breast,5045,875,0.481,n,
broiler fat raw chicken fryer separable,breast chicken,"Chicken, broilers or fryers, separable fat, raw",Chicken breast,5047,875,0.436,n,
broiler chicken cooked meat roasted fryer skin back,breast chicken,"Chicken, broilers or fryers, back, meat and skin, cooked, roasted",Chicken breast,5051,875,0.499,n,
broiler chicken cooked stewed meat fryer skin back,breast chicken,"Chicken, broilers or fryers, back, meat and skin, cooked, stewed",Chicken breast,5052,875,0.455,n,
broiler breast skinless raw chicken meat fryer boneless,breast chicken,"Chicken, broiler or fryers, breast, skinless, boneless, meat only, raw",Chicken breast,5062,875,0.522,,
broiler breast chicken cooked meat roasted fryer,breast chicken,"Chicken, broilers or fryers, breast, meat only, cooked, roasted",Chicken breast,5064,875,0.672,,
broiler drumstick chicken cooked meat roasted fryer skin,breast chicken,"Chicken, broilers or fryers, drumstick, meat and skin, cooked, roasted",Chicken breast,5069,875,0.483,n,
broiler drumstick chicken cooked meat roasted fryer dark,breast chicken,"Chicken, broilers or fryers, dark meat, drumstick, meat only, cooked, roasted",Chicken breast,5073,875,0.472,n,
broiler neck chicken cooked meat fryer skin simmered,breast chicken,"Chicken, broilers or fryers, neck, meat and skin, cooked simmered",Chicken breast,5087,875,0.425,n,
broiler raw chicken thigh meat fryer skin,breast chicken,"Chicken, broilers or fryers, thigh, meat and skin, raw",Chicken breast,5091,875,0.453,n,
broiler chicken thigh cooked meat roasted fryer skin,breast chicken,"Chicken, broilers or fryers, thigh, meat and skin, cooked, roasted",Chicken breast,5094,875,0.484,n,
broiler chicken thigh cooked meat roasted fryer,breast chicken,"Chicken, broilers or fryers, thigh, meat only, cooked, roasted",Chicken breast,5098,875,0.494,,
broiler wing chicken cooked meat roasted fryer skin,breast chicken,"Chicken, broilers or fryers, wing, meat and skin, cooked, roasted",Chicken breast,5103,875,0.474,n,
broiler wing chicken cooked stewed meat fryer skin,breast chicken,"Chicken, broilers or fryers, wing, meat and skin, cooked, stewed",Chicken breast,5104,875,0.429,n,
duck domesticated cooked meat roasted skin,roasted seaweed,"Duck, domesticated, meat and skin, cooked, roasted",Roasted seaweed,5140,538,0.348,n,
duck meat raw domesticated,pomegranate seed,"Duck, domesticated, meat only, raw",Pomegranate w/ seeds,5141,600,0.254,n,
duck domesticated cooked meat roasted,roasted seaweed,"Duck, domesticated, meat only, cooked, roasted",Roasted seaweed,5142,538,0.359,n,
turkey raw meat whole skin,turkey ground,"Turkey, whole, meat and skin, raw",ground turkey,5165,909,0.475,,
turkey cooked meat roasted whole skin,turkey ground,"Turkey, whole, meat and skin, cooked, roasted",ground turkey,5166,909,0.444,,
meat turkey raw whole,turkey ground,"Turkey, whole, meat only, raw",ground turkey,5167,909,0.52,,
turkey cooked meat roasted whole,turkey ground,"Turkey, whole, meat only, cooked, roasted",ground turkey,5168,909,0.471,,
giblet turkey cooked whole simmered,turkey ground,"Turkey, whole, giblets, cooked, simmered",ground turkey,5172,909,0.37,,
neck turkey cooked meat whole simmered,turkey ground,"Turkey, whole, neck, meat only, cooked, simmered",ground turkey,5180,909,0.38,,
turkey cooked meat roasted whole skin light,turkey ground,"Turkey, whole, light meat, meat and skin, cooked, roasted",ground turkey,5182,909,0.404,,
turkey cooked meat roasted whole skin dark,turkey ground,"Turkey, whole, dark meat, meat and skin, cooked, roasted",ground turkey,5184,909,0.436,,
turkey cooked meat roasted all class light,turkey ground,"Turkey, all classes, light meat, cooked, roasted",ground turkey,5186,909,0.371,,
turkey cooked meat roasted whole dark,turkey ground,"Turkey, whole, dark meat, cooked, roasted",ground turkey,5188,909,0.456,,
turkey cooked leg meat roasted all class skin,turkey ground,"Turkey, all classes, leg, meat and skin, cooked, roasted",ground turkey,5194,909,0.378,,
wing turkey cooked meat roasted all class skin,turkey ground,"Turkey, all classes, wing, meat and skin, cooked, roasted",ground turkey,5196,909,0.373,,
turkey cooked roaster meat roasted fryer skin,roasted seaweed,"Turkey, fryer-roasters, meat and skin, cooked, roasted",Roasted seaweed,5200,538,0.449,n,ground turkey
breast turkey cooked meat roasted whole,wheat bread whole,"Turkey, whole, breast, meat only, cooked, roasted",Whole wheat bread,5220,836,0.462,n,ground turkey
wing turkey cooked meat roasted whole,turkey ground,"Turkey, whole, wing, meat only, cooked, roasted",ground turkey,5228,909,0.446,,
turkey ground cooked,turkey ground,"Turkey, Ground, cooked",ground turkey,5306,909,0.91,,
game chicken hen cornish cooked meat roasted skin,breast chicken,"Chicken, cornish game hens, meat and skin, cooked, roasted",Chicken breast,5308,875,0.459,n,
game chicken hen cornish cooked meat roasted,breast chicken,"Chicken, cornish game hens, meat only, cooked, roasted",Chicken breast,5310,875,0.469,,
canned chicken broth,chicken sodium low broth,"Chicken, canned, no broth",Low sodium chicken broth,5311,795,0.645,n,Chicken breast
broiler breast skinless added raw chicken meat fryer boneless solution,breast chicken,"Chicken, broilers or fryers, breast, skinless, boneless, meat only, with added solution, raw",Chicken breast,5314,875,0.473,,
broiler drumstick chicken bbq meat rotisserie,breast chicken,"Chicken, broiler, rotisserie, BBQ, drumstick, meat only",Chicken breast,5319,875,0.418,,
patty chicken cooked frozen,breast chicken,"Chicken patty, frozen, cooked",Chicken breast,5324,875,0.458,n,Chicken strips
broiler chicken bbq thigh meat rotisserie,chicken sodium low broth,"Chicken, broiler, rotisserie, BBQ, thigh, meat only",Low sodium chicken broth,5334,795,0.411,n,Chicken breast
chicken foot boiled,breast chicken,"Chicken, feet, boiled",Chicken breast,5335,875,0.514,n,
broiler breast chicken bbq meat skin rotisserie,breast chicken,"Chicken, broiler, rotisserie, BBQ, breast, meat and skin",Chicken breast,5358,875,0.579,n,
broiler drumstick chicken bbq meat skin rotisserie,breast chicken,"Chicken, broiler, rotisserie, BBQ, drumstick, meat and skin",Chicken breast,5359,875,0.414,n,
broiler chicken bbq thigh meat skin rotisserie,chicken sodium low broth,"Chicken, broiler, rotisserie, BBQ, thigh, meat and skin",Low sodium chicken broth,5361,795,0.404,n,
broiler wing chicken bbq meat skin rotisserie,breast chicken,"Chicken, broiler, rotisserie, BBQ, wing, meat and skin",Chicken breast,5362,875,0.39,n,
braised broiler drumstick chicken cooked meat fryer,breast chicken,"Chicken, broilers or fryers, drumstick, meat only, cooked, braised",Chicken breast,5671,875,0.46,,
braised broiler chicken thigh cooked meat fryer dark,breast chicken,"Chicken, broilers or fryers, dark meat, thigh, meat only, cooked, braised",Chicken breast,5672,875,0.436,,
braised broiler drumstick chicken cooked meat fryer skin dark,breast chicken,"Chicken, broilers or fryers, dark meat, drumstick, meat and skin, cooked, braised",Chicken breast,5676,875,0.439,n,
braised broiler chicken thigh cooked meat fryer skin dark,breast chicken,"Chicken, broilers or fryers, dark meat, thigh, meat and skin, cooked, braised",Chicken breast,5677,875,0.43,n,
added turkey cooked meat roasted solution dark,turkey ground,"Turkey, dark meat, meat only, with added solution, cooked, roasted",ground turkey,5695,909,0.401,,
added turkey cooked meat roasted from whole solution light,turkey ground,"Turkey from whole, light meat, meat only, with added solution, cooked, roasted",ground turkey,5697,909,0.356,,
solution added turkey roasted from whole skin dark light,turkey ground,"Turkey, skin from whole, (light and dark), with added solution, roasted",ground turkey,5699,909,0.363,n,
solution added turkey cooked meat roasted from whole skin dark,turkey ground,"Turkey, dark meat from whole, meat and skin, with added solution, cooked, roasted",ground turkey,5701,909,0.373,,
solution added turkey cooked meat roasted from whole skin light,turkey ground,"Turkey from whole, light meat, meat and skin, with added solution, cooked, roasted",ground turkey,5703,909,0.349,,
added turkey meat roasted whole solution,turkey ground,"Turkey, whole, meat only, with added solution, roasted",ground turkey,5705,909,0.382,,
solution added turkey meat roasted whole skin,turkey ground,"Turkey, whole, meat and skin, with added solution, roasted",ground turkey,5707,909,0.37,,
added turkey drumstick bird meat roasted from whole solution,turkey ground,"Turkey, drumstick, from whole bird, meat only, with added solution, roasted",ground turkey,5725,909,0.316,,
solution breast added turkey raw retail part meat skin,turkey ground,"Turkey, retail parts, breast, meat and skin, with added solution, raw",ground turkey,5727,909,0.329,,
added turkey thigh bird meat roasted from whole solution,turkey ground,"Turkey, thigh, from whole bird, meat only, with added solution, roasted",ground turkey,5728,909,0.332,,
wing added turkey bird meat roasted from whole solution,turkey ground,"Turkey, wing, from whole bird, meat only, with added solution, roasted",ground turkey,5730,909,0.344,,
turkey drumstick bird meat roasted from whole,turkey ground,"Turkey, drumstick, from whole bird, meat only, roasted",ground turkey,5739,909,0.347,,
turkey thigh bird meat roasted from whole,turkey ground,"Turkey, thigh, from whole bird, meat only, roasted",ground turkey,5741,909,0.372,,
turkey retail thigh part cooked meat roasted skin,turkey ground,"Turkey, retail parts, thigh, meat and skin, cooked, roasted",ground turkey,5743,909,0.371,,
solution added turkey bird meat roasted from whole skin back,turkey ground,"Turkey, back, from whole bird, meat and skin, with added solution, roasted",ground turkey,5745,909,0.333,,
bouillon soup canned serve beef ready broth,black bean canned sw,"Soup, beef broth or bouillon canned, ready-to-serve",Canned black beans (S&W),6008,268,0.273,n,
soup canned chicken condensed broth,chicken sodium low broth,"Soup, chicken broth, canned, condensed",Low sodium chicken broth,6013,795,0.485,,
bouillon soup powder dry beef broth,powder protein,"Soup, beef broth or bouillon, powder, dry",Protein powder,6075,778,0.396,n,
gravy canned serve beef ready,bean navy,"Gravy, beef, canned, ready-to-serve",Navy beans,6116,1101,0.391,n,
gravy canned chicken bottled serve ready,breast chicken,"Gravy, chicken, canned or bottled, ready-to-serve",Chicken breast,6119,875,0.393,n,
turkey gravy canned serve ready,turkey ground,"Gravy, turkey, canned, ready-to-serve",ground turkey,6125,909,0.396,n,
home prepared soup chicken stock,soup chicken noodle,"Soup, stock, chicken, home-prepared",Chicken Noodle Soup,6172,810,0.487,n,Low sodium chicken broth
lessreduced sodium soup serve beef ready broth,chicken sodium low broth,"Soup, beef broth, less/reduced sodium, ready to serve",Low sodium chicken broth,6188,795,0.44,n,
soup chicken serve ready broth,chicken sodium low broth,"Soup, chicken broth, ready-to-serve",Low sodium chicken broth,6194,795,0.505,,
prepared vegetable soup equal canned beef volume water broth,chip vegetable,"Soup, vegetable with beef broth, canned, prepared with equal volume water",Vegetable chips,6472,548,0.423,n,Chunky vegetable soup
braunschweiger sausage pork liver a,sausage beyond,"Braunschweiger (a liver sausage), pork",beyond sausage,7014,1097,0.362,n,
frankfurter unheated beef,bran wheat cereal,"Frankfurter, beef, unheated",Wheat bran cereal,7022,819,0.256,n,Beef round tip steak
turkey frankfurter,turkey ground,"Frankfurter, turkey",ground turkey,7025,909,0.396,,
ham chopped canned,chopped green giant spinach frozen,"Ham, chopped, not canned",Frozen Chopped Spinach (Green Giant),7027,721,0.463,n,ground pork
ham sliced free added packaged pre meat water deli 96fat,orange slice dried,"Ham, sliced, pre-packaged, deli meat (96%fat free, water added)",Dried orange slices,7028,533,0.308,n,ground pork
ham fat sliced 11 approximately regular,orange slice dried,"Ham, sliced, regular (approximately 11% fat)",Dried orange slices,7029,533,0.251,n,ground pork
spread ham salad,nutella spread,Ham salad spread,Nutella spread,7031,219,0.471,n,
prepackaged sliced beef deli roast style,orange slice dried,"Roast beef, deli style, prepackaged, sliced",Dried orange slices,7043,533,0.332,n,Beef round tip steak
canned pate liver chicken,breast chicken,"Pate, chicken liver, canned",Chicken breast,7053,875,0.471,n,
sausage fried pork linkpatty cooked pan,sausage beyond,"Pork sausage, link/patty, cooked, pan-fried",beyond sausage,7064,1097,0.383,n,ground pork
turkey breast prepackaged sliced,breast chicken,"Turkey breast, sliced, prepackaged",Chicken breast,7081,875,0.373,n,ground turkey
sausage pork cooked italian,sausage beyond,"Sausage, Italian, pork, cooked",beyond sausage,7089,1097,0.459,n,ground pork
mild sausage link turkey raw breakfast,sausage beyond,"Sausage, turkey, breakfast links, mild, raw",beyond sausage,7919,1097,0.423,n,ground turkey
sausage unprepared cooked beef pre breakfast,sausage beyond,"Sausage, breakfast sausage, beef, pre-cooked, unprepared",beyond sausage,7954,1097,0.38,n,Beef round tip steak
breast prepackaged sliced chicken seasoned deli rotisserie,breast chicken,"Chicken breast, deli, rotisserie seasoned, sliced, prepackaged",Chicken breast,7961,875,0.541,,
sausage fried fat pork linkpatty cooked reduced pan,sausage beyond,"Pork sausage, link/patty, reduced fat, cooked, pan-fried",beyond sausage,7966,1097,0.352,n,ground pork
kielbasa grilled cooked fully,fillet fish based plant,"Kielbasa, fully cooked, grilled",plant based fish fillet,7968,1094,0.267,n,ground pork
turkey bacon microwaved,turkey ground,"Bacon, turkey, microwaved",ground turkey,7973,909,0.344,,
low turkey sodium bacon,chicken sodium low broth,"Bacon, turkey, low sodium",Low sodium chicken broth,7974,795,0.519,n,ground turkey
sausage sodium turkey lower chicken italian style,chicken sodium low broth,"Sausage, chicken or turkey, Italian style,  lower sodium",Low sodium chicken broth,7976,795,0.507,n,Chicken breast
eat plain wheat cereal toasted germ ready,bran wheat cereal,"Cereals ready-to-eat, wheat germ, toasted, plain",Wheat bran cereal,8084,819,0.604,n,
quick white grit corn cereal enriched dry regular,white rice enriched long mahatma,"Cereals, corn grits, white, regular and quick, enriched, dry",Enriched long white rice (Mahatma),8090,425,0.453,n,Dried corn grits/polenta
oat quick fortified cereal dry regular,grain oat cereal whole,"Cereals, oats, regular and quick, not fortified, dry",Whole grain oat cereal,8120,257,0.405,n,Rolled oats
eat original cereal barbaras ready puffin,thomas english whole original muffin,"Cereals ready-to-eat, BARBARA'S PUFFINS, original",Whole Original English muffin (Thomas),8657,203,0.47,n,
apple skin raw,apple juice,"Apples, raw, with skin",Apple juice,9003,235,0.564,n,Whole Golden Del apple w/o seed
apple skin raw without,apple juice,"Apples, raw, without skin",Apple juice,9004,235,0.467,n,Whole Golden Del apple w/o seed
skin without raw cooked apple microwave,apple juice,"Apples, raw, without skin, cooked, microwave",Apple juice,9006,235,0.331,n,Whole Golden Del apple w/o seed
dehydrated sulfured moisture uncooked apple low,skim mozarella part moisture cheese low,"Apples, dehydrated (low moisture), sulfured, uncooked",Low Moisture part Skim Mozarella cheese,9009,245,0.367,n,Freeze dried apple rings
apple dried uncooked sulfured,freeze apple dried ring,"Apples, dried, sulfured, uncooked",Freeze dried apple rings,9011,529,0.421,n,Freeze dried apple rings
sugar dried without sulfured added stewed apple,sugar table,"Apples, dried, sulfured, stewed, without added sugar",Table sugar,9012,773,0.381,n,Freeze dried apple rings
without ascorbic added canned unsweetened bottled juice apple acid,apple juice,"Apple juice, canned or bottled, unsweetened, without added ascorbic acid",Apple juice,9016,235,0.452,,
without ascorbic added undiluted unsweetened concentrate juice apple acid frozen,pitted unsweetened prune,"Apple juice, frozen concentrate, unsweetened, undiluted, without added ascorbic acid",Unsweetened pitted prunes,9017,842,0.406,n,Apple juice
applesauce without ascorbic added canned unsweetened commodity acid includes,milk almond unsweetened,"Applesauce, canned, unsweetened, without added ascorbic acid (includes USDA commodity)",Unsweetened almond milk,9019,794,0.36,n,Original apple sauce (Tree top)
applesauce without sweetened canned salt,top apple sauce tree original,"Applesauce, canned, sweetened, without salt",Original apple sauce (Tree top),9020,277,0.445,,
raw apricot,apricot whole,"Apricots, raw",Whole apricot,9021,51,0.827,,
liquid pack canned water skin solid apricot,dried apricot,"Apricots, canned, water pack, with skin, solids and liquids",Dried apricots,9022,525,0.478,n,Whole apricot
liquid pack canned juice skin solid apricot,dried apricot,"Apricots, canned, juice pack, with skin, solids and liquids",Dried apricots,9024,525,0.47,n,Whole apricot
liquid pack canned syrup skin solid light apricot,dried apricot,"Apricots, canned, light syrup pack, with skin, solids and liquids",Dried apricots,9026,525,0.415,n,Whole apricot
liquid pack syrup canned skin solid heavy apricot,dried apricot,"Apricots, canned, heavy syrup pack, with skin, solids and liquids",Dried apricots,9027,525,0.413,n,Whole apricot
dried uncooked sulfured apricot,dried apricot,"Apricots, dried, sulfured, uncooked",Dried apricots,9032,525,0.656,,
sugar dried without sulfured added stewed apricot,dried apricot,"Apricots, dried, sulfured, stewed, without added sugar",Dried apricots,9033,525,0.552,,
nectar ascorbic added canned acid apricot,dried apricot,"Apricot nectar, canned, with added ascorbic acid",Dried apricots,9036,525,0.475,n,
commercial variety raw all avocado,cheese commercial mac,"Avocados, raw, all commercial varieties",Commercial Mac and Cheese,9037,282,0.548,n,
raw banana,chip banana,"Bananas, raw",Banana chips,9040,527,0.84,n,Yellow banana flesh only
blackberry raw,blackberry whole,"Blackberries, raw",Whole blackberry,9042,82,0.891,,
blackberry canned juice,blackberry whole,"Blackberry juice, canned",Whole blackberry,9043,82,0.738,n,
program dried sweetened usda food for tart includes cherry,cherry sweet whole,"Cherries, tart, dried, sweetened (Includes foods for USDA's Food Distribution Program)",Whole sweet cherry,9044,85,0.416,,
solid syrup canned liquid blackberry heavy,blackberry whole,"Blackberries, canned, heavy syrup, solids and liquids",Whole blackberry,9046,82,0.541,,
blackberry unsweetened frozen,blackberry whole,"Blackberries, frozen, unsweetened",Whole blackberry,9048,82,0.64,,
blueberry raw,blueberry whole,"Blueberries, raw",Whole blueberry,9050,80,0.889,,
syrup canned blueberry liquid solid heavy,blueberry whole,"Blueberries, canned, heavy syrup, solids and liquids",Whole blueberry,9052,80,0.539,,
blueberry unsweetened frozen,blueberry frozen whole,"Blueberries, frozen, unsweetened",Frozen whole blueberry,9054,584,0.78,,
blueberry sweetened frozen,blueberry frozen whole,"Blueberries, frozen, sweetened",Frozen whole blueberry,9055,584,0.819,,
boysenberry frozen unsweetened,blueberry frozen whole,"Boysenberries, frozen, unsweetened",Frozen whole blueberry,9057,584,0.411,n,
pack red canned water sour liquid solid cherry,cherry sweet whole,"Cherries, sour, red, canned, water pack, solids and liquids",Whole sweet cherry,9064,85,0.362,,
red unsweetened sour frozen cherry,cherry sweet whole,"Cherries, sour, red, frozen, unsweetened",Whole sweet cherry,9068,85,0.564,,
raw cherry sweet,cherry sweet whole,"Cherries, sweet, raw",Whole sweet cherry,9070,85,0.854,,
pack canned water sweet liquid solid cherry,cherry sweet whole,"Cherries, sweet, canned, water pack, solids and liquids",Whole sweet cherry,9071,85,0.533,,
pack canned sweet juice liquid solid cherry,cherry sweet whole,"Cherries, sweet, canned, juice pack, solids and liquids",Whole sweet cherry,9072,85,0.498,,
pack syrup canned sweet liquid solid light cherry,cherry sweet whole,"Cherries, sweet, canned, light syrup pack, solids and liquids",Whole sweet cherry,9073,85,0.455,,
pack canned syrup pitted cherry sweet liquid solid heavy,cherry sweet whole,"Cherries, sweet, canned, pitted, heavy syrup pack, solids and liquids",Whole sweet cherry,9074,85,0.445,,
raw cranberry,cranberry,"Cranberries, raw",Cranberry,9078,772,0.965,n,
dried sweetened cranberry,cranberry,"Cranberries, dried, sweetened",Cranberry,9079,772,0.73,,
sauce canned cranberry sweetened,cranberry,"Cranberry sauce, canned, sweetened",Cranberry,9081,772,0.65,,
dried currant zante,orange slice dried,"Currants, zante, dried",Dried orange slices,9085,533,0.285,n,
date noor deglet,date,"Dates, deglet noor",Dates,9087,777,0.458,,
raw fig,fillet fish based plant,"Figs, raw",plant based fish fillet,9089,1094,0.173,n,
dried uncooked fig,dried apricot,"Figs, dried, uncooked",Dried apricots,9094,525,0.333,n,
dried fig stewed,brewed coffee,"Figs, dried, stewed",brewed coffee,9095,903,0.331,n,
red grapefruit white raw pink area all,grapefruit red deep,"Grapefruit, raw, pink and red and white, all areas",Deep red grapefruit,9111,90,0.659,,
red grapefruit raw pink area all,grapefruit red deep,"Grapefruit, raw, pink and red, all areas",Deep red grapefruit,9112,90,0.704,,
pack section grapefruit canned water liquid solid,grapefruit red deep,"Grapefruit, sections, canned, water pack, solids and liquids",Deep red grapefruit,9119,90,0.492,,
section pack grapefruit canned syrup liquid solid light,grapefruit red deep,"Grapefruit, sections, canned, light syrup pack, solids and liquids",Deep red grapefruit,9121,90,0.457,,
white grapefruit canned bottled unsweetened juice,grapefruit red deep,"Grapefruit juice, white, canned or bottled, unsweetened",Deep red grapefruit,9123,90,0.524,n,
white grapefruit undiluted unsweetened concentrate juice frozen,grapefruit red deep,"Grapefruit juice, white, frozen concentrate, unsweetened, undiluted",Deep red grapefruit,9125,90,0.45,n,
red added grapefruit pink calcium juice,grapefruit red deep,"Grapefruit juice, pink or red, with added calcium",Deep red grapefruit,9127,90,0.6,n,
white grapefruit raw juice,grapefruit red deep,"Grapefruit juice, white, raw",Deep red grapefruit,9128,90,0.66,n,
ascorbic added canned grape bottled unsweetened juice acid,pitted unsweetened prune,"Grape juice, canned or bottled, unsweetened, with added ascorbic acid",Unsweetened pitted prunes,9130,842,0.424,n,
red raw grape such thompson european green type seedless,seedless grape red,"Grapes, red or green (European type, such as Thompson seedless), raw",Red seedless grape,9132,99,0.601,,
without ascorbic added canned grape bottled unsweetened juice acid,pitted unsweetened prune,"Grape juice, canned or bottled, unsweetened, without added ascorbic acid",Unsweetened pitted prunes,9135,842,0.426,n,
guava raw common,cheese commercial mac,"Guavas, common, raw",Commercial Mac and Cheese,9139,282,0.239,n,
guava sauce cooked,soy sauce,"Guava sauce, cooked",Soy sauce,9143,761,0.493,n,
green raw kiwifruit,kiwi,"Kiwifruit, green, raw",Kiwi,9148,91,0.591,,
raw kumquat,squash butternut steamed,"Kumquats, raw",Steamed butternut squash,9149,146,0.187,n,
lemon raw without peel,peeled steamed beetroot,"Lemons, raw, without peel","Peeled, steamed beetroot",9150,104,0.346,n,
lemon raw juice,lime juice,"Lemon juice, raw",Lime juice,9152,106,0.492,n,
lemon canned bottled concentrate from juice,carrot juice,"Lemon juice from concentrate, canned or bottled",Carrot juice,9153,232,0.319,n,
lemon peel raw,peeled steamed beetroot,"Lemon peel, raw","Peeled, steamed beetroot",9156,104,0.383,n,
lime raw,lime juice,"Limes, raw",Lime juice,9159,106,0.637,,
lime raw juice,lime juice,"Lime juice, raw",Lime juice,9160,106,0.95,,
canned unsweetened bottled juice lime,lime juice,"Lime juice, canned or bottled, unsweetened",Lime juice,9161,106,0.546,,
blueberry dried sweetened,blueberry whole,"Blueberries, dried, sweetened",Whole blueberry,9163,80,0.702,n,
litchi raw,ketchup tomato,"Litchis, raw",Tomato Ketchup,9164,807,0.296,n,
frozen loganberry,cranberry,"Loganberries, frozen",Cranberry,9167,772,0.571,n,
raw mango,yellow mango,"Mangos, raw",Yellow mango,9176,71,0.674,,
dried sweetened mango,freeze dried flesh mango,"Mango, dried, sweetened",Freeze dried mango flesh,9178,487,0.538,,
raw melon cantaloupe,melon cantaloupe,"Melons, cantaloupe, raw",Cantaloupe melon,9181,93,0.978,,
honeydew raw melon,honeydew melon,"Melons, honeydew, raw",Honeydew melon,9184,94,0.979,,
raw nectarine,yellow nectarine whole,"Nectarines, raw",Whole yellow nectarine,9191,60,0.705,,
large small olive extra canned ripe,large house green tomato whole,"Olives, ripe, canned (small-extra large)",Whole Green house (large) tomato,9193,75,0.285,n,
olive canned bottled pickled green,pickle,"Olives, pickled, canned or bottled, green",Pickles,9195,755,0.517,n,
commercial variety orange raw all,cheese commercial mac,"Oranges, raw, all commercial varieties",Commercial Mac and Cheese,9200,282,0.607,n,Navel orange
orange raw juice,free orange pulp juice,"Orange juice, raw",Pulp free orange juice,9206,236,0.687,,
orange canned unsweetened juice,pitted unsweetened prune,"Orange juice, canned, unsweetened",Unsweetened pitted prunes,9207,842,0.522,n,Pulp free orange juice
chilled orange concentrate from juice includes,free orange pulp juice,"Orange juice, chilled, includes from concentrate",Pulp free orange juice,9209,236,0.404,,
chilled d added orange concentrate from calcium juice vitamin includes,free orange pulp juice,"Orange juice, chilled, includes from concentrate, with added calcium and vitamin D",Pulp free orange juice,9210,236,0.347,,
chilled added orange concentrate from calcium juice includes,free orange pulp juice,"Orange juice, chilled, includes from concentrate, with added calcium",Pulp free orange juice,9211,236,0.367,,
added orange undiluted unsweetened concentrate calcium juice frozen,milk almond unsweetened,"Orange juice, frozen concentrate, unsweetened, undiluted, with added calcium",Unsweetened almond milk,9213,794,0.418,n,Pulp free orange juice
orange undiluted unsweetened concentrate juice frozen,pitted unsweetened prune,"Orange juice, frozen concentrate, unsweetened, undiluted",Unsweetened pitted prunes,9214,842,0.44,n,Pulp free orange juice
3 orange unsweetened volume concentrate water juice frozen diluted,pitted unsweetened prune,"Orange juice, frozen concentrate, unsweetened, diluted with 3 volume water",Unsweetened pitted prunes,9215,842,0.398,n,Pulp free orange juice
mandarin orange raw tangerine,pixie tangerine,"Tangerines, (mandarin oranges), raw",Pixie tangerine,9218,89,0.527,,
pack mandarin orange canned tangerine juice,pixie tangerine,"Tangerines, (mandarin oranges), canned, juice pack",Pixie tangerine,9219,89,0.488,,
raw tangerine juice,pixie tangerine,"Tangerine juice, raw",Pixie tangerine,9221,89,0.555,n,
raw papaya,tai nung papaya,"Papayas, raw",Tai nung papaya,9226,97,0.763,,
nectar canned papaya,tai nung papaya,"Papaya nectar, canned",Tai nung papaya,9229,97,0.614,n,
granadilla raw passion fruit purple,cabbage purple,"Passion-fruit, (granadilla), purple, raw",Purple cabbage,9231,886,0.385,n,
raw passion fruit juice purple,apple juice,"Passion-fruit juice, purple, raw",Apple juice,9232,235,0.435,n,
yellow raw peach,farm yellow prima peach whole,"Peaches, yellow, raw",Whole yellow peach (Prima Farms),9236,61,0.698,,
pack canned peach water liquid solid,black bean canned sw,"Peaches, canned, water pack, solids and liquids",Canned black beans (S&W),9237,268,0.386,n,Whole yellow peach (Prima Farms)
uncooked dried peach sulfured,chip dried coconut,"Peaches, dried, sulfured, uncooked",Dried coconut chips,9246,534,0.274,n,
sugar dried without sulfured added stewed peach,sugar table,"Peaches, dried, sulfured, stewed, without added sugar",Table sugar,9247,773,0.371,n,
nectar without ascorbic added canned peach acid sucralose,yellow nectarine whole,"Peach nectar, canned, with sucralose, without added ascorbic acid",Whole yellow nectarine,9251,60,0.321,n,
pear raw,pear bartlett seed whole,"Pears, raw",Whole Bartlett pear w/o seed,9252,34,0.39,,
pack canned water liquid solid pear,black bean canned sw,"Pears, canned, water pack, solids and liquids",Canned black beans (S&W),9253,268,0.377,n,Whole Bartlett pear w/o seed
uncooked pear dried sulfured,dried apricot,"Pears, dried, sulfured, uncooked",Dried apricots,9259,525,0.274,n,
sugar dried without sulfured added stewed pear,sugar table,"Pears, dried, sulfured, stewed, without added sugar",Table sugar,9260,773,0.39,n,
nectar without ascorbic added canned acid pear,yellow nectarine whole,"Pear nectar, canned, without added ascorbic acid",Whole yellow nectarine,9262,60,0.359,n,
japanese persimmon raw,orange jam bonne maman,"Persimmons, japanese, raw",Orange jam (Bonne Maman),9263,212,0.191,n,
pineapple raw all variety,pineapple gold golden,"Pineapple, raw, all varieties",Gold (golden) pineapple,9266,96,0.411,,
pack canned water liquid pineapple solid,pineapple gold golden,"Pineapple, canned, water pack, solids and liquids",Gold (golden) pineapple,9267,96,0.381,,
pack canned juice liquid pineapple solid,apple juice,"Pineapple, canned, juice pack, solids and liquids",Apple juice,9268,235,0.58,n,Gold (golden) pineapple
without ascorbic added acid canned unsweetened bottled juice pineapple,pitted unsweetened prune,"Pineapple juice, canned or bottled, unsweetened, without added ascorbic acid",Unsweetened pitted prunes,9273,842,0.439,n,
raw yellow plantain,yellow mango,"Plantains, yellow, raw",Yellow mango,9277,71,0.488,n,Plantain banana (steamed 10 in)
cooked plantain,steamed 10 plantain banana,"Plantains, cooked",Plantain banana (steamed 10 in),9278,46,0.539,,
plum raw,plum red whole,"Plums, raw",Whole red plum,9279,53,0.729,,
raw pomegranate,pomegranate seed,"Pomegranates, raw",Pomegranate w/ seeds,9286,600,0.907,,
plum dried uncooked prune,plum red whole,"Plums, dried (prunes), uncooked",Whole red plum,9291,53,0.434,n,Unsweetened pitted prunes
plum sugar dried without added stewed prune,pitted unsweetened prune,"Plums, dried (prunes), stewed, without added sugar",Unsweetened pitted prunes,9292,842,0.399,,
canned juice prune,pitted unsweetened prune,"Prune juice, canned",Unsweetened pitted prunes,9294,842,0.484,n,
raisin seedless,seedless grape red,"Raisins, seedless",Red seedless grape,9298,99,0.632,n,
raspberry raw,raspberry whole,"Raspberries, raw",Whole raspberry,9302,81,0.896,,
raw rhubarb,bean canned garbanzo,"Rhubarb, raw",Canned garbanzo beans,9307,269,0.181,n,
uncooked frozen rhubarb,frozen bean green whole,"Rhubarb, frozen, uncooked",Frozen whole green beans,9309,596,0.351,n,
strawberry raw,strawberry whole,"Strawberries, raw",Whole strawberry,9316,83,0.889,,
strawberry frozen unsweetened,strawberry whole,"Strawberries, frozen, unsweetened",Whole strawberry,9318,83,0.63,,
tamarind raw,orange jam bonne maman,"Tamarinds, raw",Orange jam (Bonne Maman),9322,212,0.279,n,
watermelon raw,seedless watermelon,"Watermelon, raw",Seedless watermelon,9326,95,0.741,,
asian pear raw,basil,"Pears, asian, raw",Basil,9340,752,0.332,n,Whole Shingo pear w/o seed
pack canned juice pineapple drained,apple juice,"Pineapple, canned, juice pack, drained",Apple juice,9354,235,0.606,n,Gold (golden) pineapple
pack mandarin orange canned tangerine juice drained,pixie tangerine,"Tangerines, (mandarin oranges), canned, juice pack, drained",Pixie tangerine,9383,89,0.482,,
ascorbic added canned unsweetened bottled juice apple acid,apple juice,"Apple juice, canned or bottled, unsweetened, with added ascorbic acid",Apple juice,9400,235,0.469,,
ascorbic added acid canned unsweetened bottled juice pineapple,apple juice,"Pineapple juice, canned or bottled, unsweetened, with added ascorbic acid",Apple juice,9409,235,0.454,n,
nectar canned guanabana,chip banana,"Guanabana nectar, canned",Banana chips,9434,527,0.499,n,
nectar canned mango,yellow mango,"Mango nectar, canned",Yellow mango,9436,71,0.45,n,
pomegranate bottled juice,pomegranate seed,"Pomegranate juice, bottled",Pomegranate w/ seeds,9442,600,0.718,n,
ascorbic blend added grape juice apple acid,apple juice,"Juice, apple and grape blend, with added ascorbic acid",Apple juice,9443,235,0.567,n,
blend orange pineapple juice,apple juice,Orange Pineapple Juice Blend,Apple juice,9452,235,0.641,n,
ascorbic added canned grape bottled unsweetened calcium juice acid,pitted unsweetened prune,"Grape juice, canned or bottled, unsweetened, with added ascorbic acid and calcium",Unsweetened pitted prunes,9512,842,0.387,n,
ascorbic added canned unsweetened bottled calcium juice apple acid potassium,apple juice,"Apple juice, canned or bottled, unsweetened, with added ascorbic acid, calcium, and potassium",Apple juice,9517,235,0.395,,
guava sucralose nectar canned,yellow nectarine whole,"Guava nectar, with sucralose, canned",Whole yellow nectarine,9519,60,0.35,n,
of fresh cut trimmed pork lean composite raw loin retail leg separable shoulder,russet flesh steamed potato,"Pork, fresh, composite of trimmed retail cuts (leg, loin, shoulder), separable lean only, raw",Steamed russet potato flesh only,10002,167,0.285,n,ground pork
fresh raw backfat pork,ground pork,"Pork, fresh, backfat, raw",ground pork,10004,910,0.266,n,
fresh fat pork cooked separable,oat bran cooked,"Pork, fresh, separable fat, cooked",cooked oat bran,10007,902,0.34,n,
fresh ham fat pork lean cooked leg roasted separable whole,pepper red steamed bell whole seed,"Pork, fresh, leg (ham), whole, separable lean and fat, cooked, roasted",Steamed whole red bell pepper w/o seed,10009,143,0.39,n,ground pork
fresh ham pork lean cooked leg roasted separable whole,pepper red steamed bell whole seed,"Pork, fresh, leg (ham), whole, separable lean only, cooked, roasted",Steamed whole red bell pepper w/o seed,10011,143,0.397,n,ground pork
fresh fat pork lean loin cooked roasted separable whole,pepper red steamed bell whole seed,"Pork, fresh, loin, whole, separable lean and fat, cooked, roasted",Steamed whole red bell pepper w/o seed,10023,143,0.372,n,ground pork
fresh pork lean raw loin separable whole,pear bartlett flesh whole,"Pork, fresh, loin, whole, separable lean only, raw",Whole Bartlett pear flesh only,10024,36,0.383,n,ground pork
braised fresh pork lean loin cooked separable whole,oat bran cooked,"Pork, fresh, loin, whole, separable lean only, cooked, braised",cooked oat bran,10025,902,0.383,n,ground pork
fresh pork lean loin cooked roasted separable whole,pepper red steamed bell whole seed,"Pork, fresh, loin, whole, separable lean only, cooked, roasted",Steamed whole red bell pepper w/o seed,10027,143,0.379,n,ground pork
braised fresh pork lean loin bone center cooked rib separable chop,oat bran cooked,"Pork, fresh, loin, center rib (chops), bone-in, separable lean only, cooked, braised",cooked oat bran,10049,902,0.362,n,ground pork
fresh pork lean raw loin tenderloin separable,breast chicken tender,"Pork, fresh, loin, tenderloin, separable lean only, raw",Chicken breast tender,10060,871,0.334,n,ground pork
fresh pork lean loin cooked tenderloin roasted separable,breast chicken tender,"Pork, fresh, loin, tenderloin, separable lean only, cooked, roasted",Chicken breast tender,10061,871,0.38,n,ground pork
fresh fat pork lean top raw loin separable chop boneless,pear bartlett flesh whole,"Pork, fresh, loin, top loin (chops), boneless, separable lean and fat, raw",Whole Bartlett pear flesh only,10062,36,0.302,n,ground pork
fresh pork lean top raw loin separable chop boneless,pear bartlett flesh whole,"Pork, fresh, loin, top loin (chops), boneless, separable lean only, raw",Whole Bartlett pear flesh only,10066,36,0.296,n,ground pork
fresh fat pork lean raw separable whole shoulder,pear bartlett flesh whole,"Pork, fresh, shoulder, whole, separable lean and fat, raw",Whole Bartlett pear flesh only,10070,36,0.379,n,ground pork
fresh fat pork lean cooked roasted separable whole shoulder,whole apple del seed golden,"Pork, fresh, shoulder, whole, separable lean and fat, cooked, roasted",Whole Golden Del apple w/o seed,10071,19,0.372,n,ground pork
fresh pork lean cooked roasted separable whole shoulder,whole apple del seed golden,"Pork, fresh, shoulder, whole, separable lean only, cooked, roasted",Whole Golden Del apple w/o seed,10073,19,0.379,n,ground pork
braised fresh fat pork lean arm cooked separable picnic shoulder,oat bran cooked,"Pork, fresh, shoulder, arm picnic, separable lean and fat, cooked, braised",cooked oat bran,10075,902,0.334,n,ground pork
braised fresh pork lean arm cooked separable picnic shoulder,oat bran cooked,"Pork, fresh, shoulder, arm picnic, separable lean only, cooked, braised",cooked oat bran,10078,902,0.324,n,ground pork
butt fresh fat pork lean raw blade separable boston steak shoulder,russet flesh steamed potato,"Pork, fresh, shoulder, (Boston butt), blade (steaks), separable lean and fat, raw",Steamed russet potato flesh only,10080,167,0.305,n,ground pork
butt fresh pork lean raw blade separable boston steak shoulder,squash butternut steamed,"Pork, fresh, shoulder, (Boston butt), blade (steaks), separable lean only, raw",Steamed butternut squash,10084,146,0.303,n,ground pork
butt fresh braised pork lean cooked blade separable boston steak shoulder,oat bran cooked,"Pork, fresh, shoulder, (Boston butt), blade (steaks), separable lean only, cooked, braised",cooked oat bran,10085,902,0.333,n,ground pork
fresh fat sparerib pork lean raw separable,asparagus frozen baby whole,"Pork, fresh, spareribs, separable lean and fat, raw",Frozen Whole Baby Asparagus,10088,735,0.321,n,ground pork
braised fresh fat sparerib pork lean cooked separable,oat bran cooked,"Pork, fresh, spareribs, separable lean and fat, cooked, braised",cooked oat bran,10089,902,0.357,n,ground pork
of fresh cut trimmed pork lean composite loin retail cooked leg separable shoulder,russet flesh steamed potato,"Pork, fresh, composite of trimmed retail cuts (leg, loin, and shoulder), separable lean only, cooked",Steamed russet potato flesh only,10093,167,0.288,n,ground pork
fresh variety pork product cooked meat chitterlings by simmered,pitted unsweetened prune,"Pork, fresh, variety meats and by-products, chitterlings, cooked, simmered",Unsweetened pitted prunes,10099,842,0.226,n,ground pork
fresh variety pork raw product meat by stomach,hunt tomato paste,"Pork, fresh, variety meats and by-products, stomach, raw",Hunt's Tomato paste,10119,802,0.27,n,
unprepared bacon cured pork,strip based bacon plant,"Pork, cured, bacon, unprepared",plant based bacon strip,10123,1096,0.323,n,ground pork
foot pickled cured pork,pickle,"Pork, cured, feet, pickled",Pickles,10132,755,0.641,n,
ham fat cured pork 11 roasted approximately boneless regular,curely green mustard steamed,"Pork, cured, ham, boneless, regular (approximately 11% fat), roasted",Steamed Curely mustard greens,10136,121,0.334,n,ground pork
ham fat cured unheated pork extra lean canned 4 approximately,curely green mustard steamed,"Pork, cured, ham, extra lean (approximately 4% fat), canned, unheated",Steamed Curely mustard greens,10137,121,0.295,n,ground pork
ham country cured pork lean raw center separable slice style,orange slice dried,"Pork, cured, ham, center slice, country-style, separable lean only, raw",Dried orange slices,10141,533,0.312,n,ground pork
ham cured unheated pork lean separable whole,wheat bread whole,"Pork, cured, ham, whole, separable lean only, unheated",Whole wheat bread,10152,836,0.443,n,ground pork
ham cured pork lean roasted separable whole,pepper red steamed bell whole seed,"Pork, cured, ham, whole, separable lean only, roasted",Steamed whole red bell pepper w/o seed,10153,143,0.418,n,ground pork
raw salt cured pork,ground pork,"Pork, cured, salt pork, raw",ground pork,10165,910,0.367,,
fat cured pork lean arm roasted separable picnic shoulder,red chard steamed organic stalk cal leaf,"Pork, cured, shoulder, arm picnic, separable lean and fat, roasted",Steamed Red chard leaves and stalk (Cal-Organic),10168,114,0.318,n,ground pork
cured pork lean arm roasted separable picnic shoulder,red chard steamed organic stalk cal leaf,"Pork, cured, shoulder, arm picnic, separable lean only, roasted",Steamed Red chard leaves and stalk (Cal-Organic),10169,114,0.311,n,ground pork
fresh variety pork product foot cooked meat by simmered,oat bran cooked,"Pork, fresh, variety meats and by-products, feet, cooked, simmered",cooked oat bran,10173,902,0.267,n,ground pork
ham cured unheated pork extra lean boneless regular,curely green mustard steamed,"Pork, cured, ham, boneless, extra lean and regular, unheated",Steamed Curely mustard greens,10182,121,0.276,n,ground pork
ham cured pork extra lean roasted boneless regular,curely green mustard steamed,"Pork, cured, ham, boneless, extra lean and regular, roasted",Steamed Curely mustard greens,10183,121,0.305,n,ground pork
ham cured unheated pork extra lean canned regular,black bean canned sw,"Pork, cured, ham, extra lean and regular, canned, unheated",Canned black beans (S&W),10184,268,0.33,n,ground pork
ham cured pork extra lean canned roasted regular,black bean canned sw,"Pork, cured, ham, extra lean and regular, canned, roasted",Canned black beans (S&W),10185,268,0.333,n,ground pork
of fresh cut fat sparerib trimmed pork lean composite loin retail cooked leg separable shoulder,pepper red steamed bell whole seed,"Pork, fresh, composite of trimmed retail cuts (leg, loin, shoulder, and spareribs), separable lean and fat, cooked",Steamed whole red bell pepper w/o seed,10188,143,0.286,n,ground pork
fresh fat pork lean raw loin tenderloin separable,breast chicken tender,"Pork, fresh, loin, tenderloin, separable lean and fat, raw",Chicken breast tender,10218,871,0.333,n,ground pork
fresh ground cooked pork,ground pork,"Pork, fresh, ground, cooked",ground pork,10220,910,0.773,,
fried cured sliced pork cooked pre pan bacon,orange slice dried,"Pork, cured, bacon, pre-sliced, cooked, pan-fried",Dried orange slices,10862,533,0.455,n,ground pork
ham cured pork lean heated product roasted separable water whole boneless,pepper red steamed bell whole seed,"Pork, cured, ham and water product, whole, boneless, separable lean only, heated, roasted",Steamed whole red bell pepper w/o seed,10871,143,0.405,n,ground pork
ham cured unheated pork lean product separable water whole boneless,wheat bread whole,"Pork, cured, ham and water product, whole, boneless, separable lean only, unheated",Whole wheat bread,10872,836,0.383,n,ground pork
ham cured pork added lean heated roasted separable water whole boneless,pepper red steamed bell whole seed,"Pork, cured, ham -- water added, whole, boneless, separable lean only, heated, roasted",Steamed whole red bell pepper w/o seed,10879,143,0.434,n,ground pork
ham cured unheated pork added lean separable water whole boneless,wheat bread whole,"Pork, cured, ham -- water added, whole, boneless, separable lean only, unheated",Whole wheat bread,10880,836,0.418,n,ground pork
ham cured pork lean heated whole roasted separable juice natural boneless,pepper red steamed bell whole seed,"Pork, cured, ham with natural juices, whole, boneless, separable lean only, heated, roasted",Steamed whole red bell pepper w/o seed,10883,143,0.389,n,ground pork
ham cured unheated pork lean whole separable juice natural boneless,wheat bread whole,"Pork, cured, ham with natural juices, whole, boneless, separable lean only, unheated",Whole wheat bread,10884,836,0.374,n,ground pork
ham fat cured unheated pork lean whole separable juice natural boneless,wheat bread whole,"Pork, cured, ham with natural juices, whole, boneless, separable lean and fat, unheated",Whole wheat bread,10900,836,0.378,n,ground pork
ham fat cured unheated pork lean product separable water whole boneless,wheat bread whole,"Pork, cured, ham and water product, whole, boneless, separable lean and fat, unheated",Whole wheat bread,10905,836,0.386,n,ground pork
ham fat cured unheated pork added lean separable water whole boneless,wheat bread whole,"Pork, cured, ham -- water added, whole, boneless, separable lean and fat, unheated",Whole wheat bread,10909,836,0.421,n,ground pork
ham fat cured pork added lean heated roasted separable water whole boneless,pepper red steamed bell whole seed,"Pork, cured, ham -- water added, whole, boneless, separable lean and fat, heated, roasted",Steamed whole red bell pepper w/o seed,10917,143,0.427,n,ground pork
ham fat cured pork lean heated product roasted separable water whole boneless,pepper red steamed bell whole seed,"Pork, cured, ham and water product, whole, boneless, separable lean and fat, heated, roasted",Steamed whole red bell pepper w/o seed,10922,143,0.399,n,ground pork
ham fat cured pork lean heated whole roasted separable juice natural boneless,wheat bread whole,"Pork, cured, ham with natural juices, whole, boneless, separable lean and fat, heated, roasted",Whole wheat bread,10928,836,0.384,n,ground pork
ham fat cured pork lean heated bone shank roasted separable,roasted seaweed,"Pork, cured, ham, shank, bone-in, separable lean and fat, heated, roasted",Roasted seaweed,10935,538,0.361,n,ground pork
fresh enhanced pork lean raw loin tenderloin separable,breast chicken tender,"Pork, fresh, enhanced, loin, tenderloin, separable lean only, raw",Chicken breast tender,10944,871,0.326,n,ground pork
butt fresh solution pork added lean raw blade separable boston steak shoulder,scudders laura peanut butter,"Pork, fresh, shoulder, (Boston butt), blade (steaks), separable lean only, with added solution, raw",Peanut butter (Laura Scudder's),10946,218,0.305,n,ground pork
fresh pork added lean top raw loin separable chop boneless solution,russet flesh steamed potato,"Pork, fresh, loin, top loin (chops), boneless, separable lean only, with added solution, raw",Steamed russet potato flesh only,10948,167,0.28,n,ground pork
fresh fat pork added lean top raw loin separable chop boneless solution,russet flesh steamed potato,"Pork, fresh, loin, top loin (chops), boneless, separable lean and fat, with added solution, raw",Steamed russet potato flesh only,10949,167,0.292,n,ground pork
fresh fat pork added lean raw loin tenderloin separable solution,breast chicken tender,"Pork, fresh, loin, tenderloin, separable lean and fat, with added solution, raw",Chicken breast tender,10951,871,0.315,n,ground pork
butt fresh solution fat pork added lean raw blade separable boston steak shoulder,scudders laura peanut butter,"Pork, fresh, shoulder, (Boston butt), blade (steaks), separable lean and fat,with added solution, raw",Peanut butter (Laura Scudder's),10953,218,0.306,n,ground pork
fried bacon cooked pan canadian,strip based bacon plant,"Canadian bacon, cooked, pan-fried",plant based bacon strip,10998,1096,0.359,n,ground pork
raw sprouted seed alfalfa,alfalfa,"Alfalfa seeds, sprouted, raw",alfalfa,11001,905,0.835,,
without artichoke cooked french salt boiled globe drained,artichoke canned heart,"Artichokes, (globe or french), cooked, boiled, drained, without salt",Canned Artichoke hearts,11008,274,0.497,,
without artichoke cooked french salt boiled frozen globe drained,artichoke canned heart,"Artichokes, (globe or french), frozen, cooked, boiled, drained, without salt",Canned Artichoke hearts,11010,274,0.474,,
asparagus raw,asparagus frozen baby whole,"Asparagus, raw",Frozen Whole Baby Asparagus,11011,735,0.672,,
boiled asparagus drained cooked,asparagus frozen baby whole,"Asparagus, cooked, boiled, drained",Frozen Whole Baby Asparagus,11012,735,0.538,,
asparagus solid canned drained,asparagus frozen baby whole,"Asparagus, canned, drained solids",Frozen Whole Baby Asparagus,11015,735,0.513,,
without asparagus cooked salt boiled frozen drained,asparagus frozen baby whole,"Asparagus, frozen, cooked, boiled, drained, without salt",Frozen Whole Baby Asparagus,11019,735,0.635,,
balsam without gourd cooked bitter tip leafy salt boiled pear drained,steamed stalk green collard leaf,"Balsam-pear (bitter gourd), leafy tips, cooked, boiled, drained, without salt",Steamed Collard greens leaves and stalk,11023,119,0.284,n,
balsam without pod gourd cooked bitter salt boiled pear drained,unsalted butter,"Balsam-pear (bitter gourd), pods, cooked, boiled, drained, without salt",Unsalted butter,11025,817,0.29,n,
bamboo raw shoot,peeled steamed beetroot,"Bamboo shoots, raw","Peeled, steamed beetroot",11026,104,0.18,n,
solid canned shoot bamboo drained,black bean canned sw,"Bamboo shoots, canned, drained solids",Canned black beans (S&W),11028,268,0.308,n,
bean without lima immature cooked salt boiled drained seed,lima bean,"Lima beans, immature seeds, cooked, boiled, drained, without salt",Lima Beans,11032,1103,0.51,,
bean without lima immature cooked salt boiled fordhook frozen drained seed,lima bean,"Lima beans, immature seeds, frozen, fordhook, cooked, boiled, drained, without salt",Lima Beans,11038,1103,0.404,,
bean raw mature mung sprouted seed,sprout bean,"Mung beans, mature seeds, sprouted, raw",Bean Sprouts,11043,1104,0.575,,
bean without cooked mature salt mung sprouted boiled drained seed,sprout bean,"Mung beans, mature seeds, sprouted, cooked, boiled, drained, without salt",Bean Sprouts,11044,1104,0.504,,
green bean snap raw,green bean steamed,"Beans, snap, green, raw",Steamed Green beans,11052,132,0.556,,
bean without cooked green salt boiled drained snap,green bean steamed,"Beans, snap, green, cooked, boiled, drained, without salt",Steamed Green beans,11053,132,0.436,,
bean pack canned green solid drained snap regular,black bean canned sw,"Beans, snap, green, canned, regular pack, drained solids",Canned black beans (S&W),11056,268,0.499,n,Steamed Green beans
bean without cooked green salt boiled frozen drained snap,frozen bean green whole,"Beans, snap, green, frozen, cooked, boiled, drained without salt",Frozen whole green beans,11061,596,0.604,,
raw beet,peeled steamed beetroot,"Beets, raw","Peeled, steamed beetroot",11080,104,0.354,,
boiled drained cooked beet,oat bran cooked,"Beets, cooked, boiled, drained",cooked oat bran,11081,902,0.381,n,"Peeled, steamed beetroot"
solid canned drained beet,kidney canned bean,"Beets, canned, drained solids",Canned Kidney beans,11084,271,0.433,n,"Peeled, steamed beetroot"
green raw beet,green bean steamed,"Beet greens, raw",Steamed Green beans,11086,132,0.544,n,
without cooked beet green salt boiled drained,green bean steamed,"Beet greens, cooked, boiled, drained, without salt",Steamed Green beans,11087,132,0.385,n,
broccoli raw,frozen broccoli floret,"Broccoli, raw",Frozen broccoli florets,11090,598,0.654,n,Steamed Crown broccoli florets and stalk
without cooked salt boiled broccoli drained,frozen broccoli floret,"Broccoli, cooked, boiled, drained, without salt",Frozen broccoli florets,11091,598,0.466,n,Steamed Crown broccoli florets and stalk
frozen broccoli chopped unprepared,frozen broccoli floret,"Broccoli, frozen, chopped, unprepared",Frozen broccoli florets,11092,598,0.588,,
without chopped cooked salt boiled frozen broccoli drained,frozen broccoli floret,"Broccoli, frozen, chopped, cooked, boiled, drained, without salt",Frozen broccoli florets,11093,598,0.559,,
without cooked salt boiled spear frozen broccoli drained,frozen broccoli floret,"Broccoli, frozen, spears, cooked, boiled, drained, without salt",Frozen broccoli florets,11095,598,0.591,,
raab broccoli raw,frozen broccoli floret,"Broccoli raab, raw",Frozen broccoli florets,11096,598,0.508,n,
raab broccoli cooked,frozen broccoli floret,"Broccoli raab, cooked",Frozen broccoli florets,11097,598,0.515,n,
sprout raw brussels,brussel sprout steamed whole,"Brussels sprouts, raw",Steamed Whole brussel sprouts,11098,126,0.738,,
without sprout cooked brussels salt boiled drained,brussel sprout steamed whole,"Brussels sprouts, cooked, boiled, drained, without salt",Steamed Whole brussel sprouts,11099,126,0.641,,
without sprout cooked brussels salt boiled frozen drained,brussel sprout steamed whole,"Brussels sprouts, frozen, cooked, boiled, drained, without salt",Steamed Whole brussel sprouts,11101,126,0.611,,
root raw burdock,bread sourdough,"Burdock root, raw",Sourdough bread,11104,786,0.35,n,
raw cabbage,cabbage purple,"Cabbage, raw",Purple cabbage,11109,886,0.677,,
without cooked salt boiled cabbage drained,cabbage purple,"Cabbage, cooked, boiled, drained, without salt",Purple cabbage,11110,886,0.445,,
raw red cabbage,cabbage purple,"Cabbage, red, raw",Purple cabbage,11112,886,0.655,,
without red cooked salt boiled cabbage drained,cabbage purple,"Cabbage, red, cooked, boiled, drained, without salt",Purple cabbage,11113,886,0.434,,
savoy raw cabbage,cabbage purple,"Cabbage, savoy, raw",Purple cabbage,11114,886,0.5,n,
raw choi chinese cabbage pak,cabbage purple,"Cabbage, chinese (pak-choi), raw",Purple cabbage,11116,886,0.475,n,Steamed Baby Bok Choy leaves and stalk
without cooked choi chinese salt cabbage boiled pak drained,cabbage purple,"Cabbage, chinese (pak-choi), cooked, boiled, drained, without salt",Purple cabbage,11117,886,0.367,n,Steamed Baby Bok Choy leaves and stalk
raw carrot,carrot juice,"Carrots, raw",Carrot juice,11124,232,0.736,n,Steamed whole carrots
without cooked salt boiled carrot drained,carrot steamed whole,"Carrots, cooked, boiled, drained, without salt",Steamed whole carrots,11125,140,0.492,,
pack canned solid carrot drained regular,carrot juice,"Carrots, canned, regular pack, drained solids",Carrot juice,11128,232,0.435,n,Steamed whole carrots
frozen unprepared carrot,carrot juice,"Carrots, frozen, unprepared",Carrot juice,11130,232,0.465,n,Steamed whole carrots
without cooked salt boiled frozen carrot drained,carrot steamed whole,"Carrots, frozen, cooked, boiled, drained, without salt",Steamed whole carrots,11131,140,0.463,,
cassava raw,cashew,"Cassava, raw",Cashew,11134,552,0.256,n,
raw cauliflower,cauliflower floret stalk steamed,"Cauliflower, raw",Steamed Cauliflower florets and stalk,11135,128,0.732,,
without cooked salt boiled drained cauliflower,cauliflower floret stalk steamed,"Cauliflower, cooked, boiled, drained, without salt",Steamed Cauliflower florets and stalk,11136,128,0.596,,
frozen unprepared cauliflower,cauliflower floret stalk steamed,"Cauliflower, frozen, unprepared",Steamed Cauliflower florets and stalk,11137,128,0.57,,
without cooked salt boiled frozen drained cauliflower,cauliflower floret stalk steamed,"Cauliflower, frozen, cooked, boiled, drained, without salt",Steamed Cauliflower florets and stalk,11138,128,0.564,,
raw celeriac,celery stalk steamed,"Celeriac, raw",Steamed Celery stalk,11141,129,0.36,n,
celery raw,celery stalk steamed,"Celery, raw",Steamed Celery stalk,11143,129,0.617,,
without cooked salt boiled celery drained,celery stalk steamed,"Celery, cooked, boiled, drained, without salt",Steamed Celery stalk,11144,129,0.447,,
raw chard swiss,red chard steamed organic stalk cal leaf,"Chard, swiss, raw",Steamed Red chard leaves and stalk (Cal-Organic),11147,114,0.323,,
without chard cooked salt boiled drained swiss,red chard steamed organic stalk cal leaf,"Chard, swiss, cooked, boiled, drained, without salt",Steamed Red chard leaves and stalk (Cal-Organic),11148,114,0.333,,
raw chayote fruit,grapefruit red deep,"Chayote, fruit, raw",Deep red grapefruit,11149,90,0.29,n,
without cooked salt boiled fruit chayote drained,grapefruit red deep,"Chayote, fruit, cooked, boiled, drained, without salt",Deep red grapefruit,11150,90,0.274,n,
chive raw,chive,"Chives, raw",chives,11156,907,0.936,,
collard raw,steamed stalk green collard leaf,"Collards, raw",Steamed Collard greens leaves and stalk,11161,119,0.541,,
without cooked salt boiled collard drained,steamed stalk green collard leaf,"Collards, cooked, boiled, drained, without salt",Steamed Collard greens leaves and stalk,11162,119,0.428,,
without chopped cooked salt boiled collard frozen drained,chopped green giant spinach frozen,"Collards, frozen, chopped, cooked, boiled, drained, without salt",Frozen Chopped Spinach (Green Giant),11164,721,0.464,n,Steamed Collard greens leaves and stalk
cilantro coriander raw leaf,cilantro,"Coriander (cilantro) leaves, raw",Cilantro,11165,746,0.681,,
yellow raw corn sweet,corn yellow tortilla,"Corn, sweet, yellow, raw",Yellow corn tortilla,11167,206,0.627,n,Frozen Golden Corn Kernels (Siganture Select)
yellow without corn cooked salt boiled drained sweet,corn yellow tortilla,"Corn, sweet, yellow, cooked, boiled, drained, without salt",Yellow corn tortilla,11168,206,0.492,n,Frozen Golden Corn Kernels (Siganture Select)
yellow kernel canned corn whole solid drained sweet,yellow nectarine whole,"Corn, sweet, yellow, canned, whole kernel, drained solids",Whole yellow nectarine,11172,60,0.513,n,Frozen Golden Corn Kernels (Siganture Select)
cut unprepared yellow kernel corn frozen cob sweet off,select kernel corn siganture frozen golden,"Corn, sweet, yellow, frozen, kernels cut off cob, unprepared",Frozen Golden Corn Kernels (Siganture Select),11178,727,0.464,,
cut yellow without kernel corn salt boiled frozen cob drained sweet off,select kernel corn siganture frozen golden,"Corn, sweet, yellow, frozen, kernels cut off cob, boiled, drained, without salt",Frozen Golden Corn Kernels (Siganture Select),11179,727,0.458,,
without immature cooked blackeyes salt boiled cowpea drained seed,black pea eyed,"Cowpeas (blackeyes), immature seeds, cooked, boiled, drained, without salt",Black-eyed Peas,11192,1099,0.432,,
without immature cooked blackeyes salt boiled cowpea frozen drained seed,black pea eyed,"Cowpeas (blackeyes), immature seeds, frozen, cooked, boiled, drained, without salt",Black-eyed Peas,11196,1099,0.413,,
cress raw garden,cheese cream,"Cress, garden, raw",cream cheese,11203,906,0.258,n,
cucumber raw peel,english cucumber whole,"Cucumber, with peel, raw",Whole English cucumber,11205,184,0.618,,
green raw dandelion,green onion,"Dandelion greens, raw",Green onion,11207,849,0.453,n,
without cooked green salt boiled dandelion drained,green onion,"Dandelion greens, cooked, boiled, drained, without salt",Green onion,11208,849,0.366,n,
eggplant raw,eggplant,"Eggplant, raw",Eggplant,11209,851,0.967,,
eggplant without cooked salt boiled drained,eggplant,"Eggplant, cooked, boiled, drained, without salt",Eggplant,11210,851,0.662,,
prepared frozen edamame,frozen edamame,"Edamame, frozen, prepared",Frozen edamame,11212,595,0.859,,
escarole added cooked salt boiled drained,rolled oat,"Escarole, cooked, boiled, drained, no salt added",Rolled oats,11214,428,0.323,n,
garlic raw,garlic,"Garlic, raw",Garlic,11215,748,0.945,,
ginger root raw,pixie tangerine,"Ginger root, raw",Pixie tangerine,11216,89,0.275,n,
kale raw,kale,"Kale, raw",Kale,11233,846,0.917,,
without cooked kale salt boiled drained,kale,"Kale, cooked, boiled, drained, without salt",Kale,11234,846,0.51,,
without cooked kale salt boiled frozen drained,kale,"Kale, frozen, cooked, boiled, drained, without salt",Kale,11236,846,0.46,,
kohlrabi raw,cracker wheat nabisco,"Kohlrabi, raw",Wheat crackers (Nabisco),11241,510,0.189,n,
portion bulb lower raw leek leaf,corn yellow tortilla,"Leeks, (bulb and lower leaf-portion), raw",Yellow corn tortilla,11246,206,0.285,n,
lettuce raw co romaine,lettuce romaine,"Lettuce, cos or romaine, raw",Romaine lettuce,11251,850,0.966,,
raw crisphead iceberg lettuce type includes,lettuce steamed iceberg,"Lettuce, iceberg (includes crisphead types), raw",Steamed Iceberg lettuce,11252,124,0.589,,
green lettuce leaf raw,lettuce romaine,"Lettuce, green leaf, raw",Romaine lettuce,11253,850,0.597,n,Steamed Iceberg lettuce
without cooked salt lotus boiled root drained,oat bran cooked,"Lotus root, cooked, boiled, drained, without salt",cooked oat bran,11255,902,0.309,n,
leaf lettuce red raw,lettuce romaine,"Lettuce, red leaf, raw",Romaine lettuce,11257,850,0.638,,
white raw mushroom,white mushroom steamed whole,"Mushrooms, white, raw",Steamed whole white mushrooms,11260,178,0.839,,
without white mushroom cooked salt boiled drained,white mushroom steamed whole,"Mushrooms, white, cooked, boiled, drained, without salt",Steamed whole white mushrooms,11261,178,0.685,,
solid drained canned mushroom,white mushroom steamed whole,"Mushrooms, canned, drained solids",Steamed whole white mushrooms,11264,178,0.557,,
dried mushroom shiitake,shiitake mushroom steamed whole,"Mushrooms, shiitake, dried",Steamed whole shiitake mushrooms,11268,179,0.855,,
without mushroom cooked salt shiitake,shiitake mushroom steamed whole,"Mushrooms, shiitake, cooked, without salt",Steamed whole shiitake mushrooms,11269,179,0.814,,
green raw mustard,curely green mustard steamed,"Mustard greens, raw",Steamed Curely mustard greens,11270,121,0.713,,
without mustard cooked green salt boiled drained,curely green mustard steamed,"Mustard greens, cooked, boiled, drained, without salt",Steamed Curely mustard greens,11271,121,0.532,,
without mustard cooked green salt boiled frozen drained,frozen bean green whole,"Mustard greens, frozen, cooked, boiled, drained, without salt",Frozen whole green beans,11273,596,0.506,n,Steamed Curely mustard greens
okra raw,okra frozen whole,"Okra, raw",Frozen whole okra,11278,593,0.62,,
okra without cooked salt boiled drained,okra frozen whole,"Okra, cooked, boiled, drained, without salt",Frozen whole okra,11279,593,0.425,,
okra without cooked salt boiled frozen drained,okra frozen whole,"Okra, frozen, cooked, boiled, drained, without salt",Frozen whole okra,11281,593,0.636,,
raw onion,onion,"Onions, raw",Onion,11282,749,0.935,,
without cooked salt boiled drained onion,onion,"Onions, cooked, boiled, drained, without salt",Onion,11283,749,0.548,,
dehydrated flake onion,onion,"Onions, dehydrated flakes",Onion,11284,749,0.489,n,
without chopped cooked salt boiled frozen drained onion,chopped green giant spinach frozen,"Onions, frozen, chopped, cooked, boiled, drained, without salt",Frozen Chopped Spinach (Green Giant),11288,721,0.48,n,Onion
without cooked salt boiled whole frozen drained onion,frozen bean green whole,"Onions, frozen, whole, cooked, boiled, drained, without salt",Frozen whole green beans,11290,596,0.489,n,Onion
scallion bulb top raw includes spring onion,onion,"Onions, spring or scallions (includes tops and bulb), raw",Onion,11291,749,0.505,n,Green onion
green top onion young,green onion,"Onions, young green, tops only",Green onion,11292,849,0.735,,
parsley fresh,parsley,"Parsley, fresh",Parsley,11297,751,0.878,,
without cooked parsnip salt boiled drained,oat bran cooked,"Parsnips, cooked, boiled, drained, without salt",cooked oat bran,11299,902,0.276,n,
edible raw pea podded,pepper red steamed bell whole seed,"Peas, edible-podded, raw",Steamed whole red bell pepper w/o seed,11300,143,0.235,n,Steamed whole snow peas
without podded pea salt boiled edible drained,pepper red steamed bell whole seed,"Peas, edible-podded, boiled, drained, without salt",Steamed whole red bell pepper w/o seed,11301,143,0.272,n,Steamed whole snow peas
without cooked pea salt boiled edible frozen drained podded,frozen bean green whole,"Peas, edible-podded, frozen, cooked, boiled, drained, without salt",Frozen whole green beans,11303,596,0.357,n,Steamed whole snow peas
green raw pea,green pea split,"Peas, green, raw",Green split peas,11304,1100,0.59,n,Frozen Whole Sweet Green Peas (Flav R Pac)
without cooked green pea salt boiled drained,pepper steamed bell green whole seed,"Peas, green, cooked, boiled, drained, without salt",Steamed whole green bell pepper w/o seed,11305,142,0.376,n,Frozen Whole Sweet Green Peas (Flav R Pac)
unprepared baby canned lesuer green pea type solid includes drained,pepper steamed bell green whole seed,"Peas, green (includes baby and lesuer types), canned, drained solids, unprepared",Steamed whole green bell pepper w/o seed,11308,142,0.342,n,Frozen Whole Sweet Green Peas (Flav R Pac)
green unprepared pea frozen,frozen bean green whole,"Peas, green, frozen, unprepared",Frozen whole green beans,11312,596,0.601,n,Frozen Whole Sweet Green Peas (Flav R Pac)
without cooked green pea salt boiled frozen drained,frozen bean green whole,"Peas, green, frozen, cooked, boiled, drained, without salt",Frozen whole green beans,11313,596,0.577,n,Frozen Whole Sweet Green Peas (Flav R Pac)
green pepper raw sweet,pepper steamed bell green whole seed,"Peppers, sweet, green, raw",Steamed whole green bell pepper w/o seed,11333,142,0.642,,
pepper without cooked green salt boiled drained sweet,pepper steamed bell green whole seed,"Peppers, sweet, green, cooked, boiled, drained, without salt",Steamed whole green bell pepper w/o seed,11334,142,0.558,,
without immature cooked salt boiled pigeonpeas drained seed,pepper red steamed bell whole seed,"Pigeonpeas, immature seeds, cooked, boiled, drained, without salt",Steamed whole red bell pepper w/o seed,11345,143,0.289,n,
pokeberry without cooked poke shoot boiled salt drained,oat bran cooked,"Pokeberry shoots, (poke), cooked, boiled, drained, without salt",cooked oat bran,11351,902,0.345,n,
skin raw flesh potato,russet flesh steamed potato,"Potatoes, flesh and skin, raw",Steamed russet potato flesh only,11352,167,0.601,n,Steamed whole russet potato
baked without flesh potato salt,russet flesh steamed potato,"Potatoes, baked, flesh, without salt",Steamed russet potato flesh only,11363,167,0.539,,
baked without potato salt skin,bread potato,"Potatoes, baked, skin, without salt",Potato bread,11364,199,0.489,n,Steamed whole russet potato
flesh without cooked potato salt boiled skin,russet flesh steamed potato,"Potatoes, boiled, cooked in skin, flesh, without salt",Steamed russet potato flesh only,11365,167,0.506,n,Steamed whole russet potato
without flesh cooked potato salt boiled skin,russet flesh steamed potato,"Potatoes, boiled, cooked without skin, flesh, without salt",Steamed russet potato flesh only,11367,167,0.506,,
dehydrated milk without mashed dry potato flake,bread potato,"Potatoes, mashed, dehydrated, flakes without milk, dry form",Potato bread,11378,199,0.354,n,
dehydrated prepared milk without added mashed butter potato from whole flake,sweet potato steamed whole,"Potatoes, mashed, dehydrated, prepared from flakes without milk, whole milk and butter added",Steamed whole sweet potato,11379,157,0.418,n,
prepared fried oil plain potato canola hash brown frozen pan,bread potato,"Potatoes, hash brown, frozen, plain, prepared, pan fried in canola oil",Potato bread,11391,199,0.383,n,Steamed whole russet potato
frozen unprepared puff potato,bread potato,"Potato puffs, frozen, unprepared",Potato bread,11398,199,0.417,n,Steamed russet potato flesh only
flour potato,bread potato,Potato flour,Potato bread,11413,199,0.616,n,
without cooked salt boiled pumpkin flower drained,pumpkin canned,"Pumpkin flowers, cooked, boiled, drained, without salt",canned pumpkin,11417,897,0.569,n,
pumpkin raw,pumpkin seed,"Pumpkin, raw",Pumpkin seeds,11422,562,0.885,n,canned pumpkin
without cooked salt boiled pumpkin drained,pumpkin canned,"Pumpkin, cooked, boiled, drained, without salt",canned pumpkin,11423,897,0.63,,
without pumpkin canned salt,pumpkin canned,"Pumpkin, canned, without salt",canned pumpkin,11424,897,0.835,,
raw radish,gatorade,"Radishes, raw",Gatorade,11429,780,0.194,n,
without cooked salt radish boiled drained oriental,dried corn gritspolenta,"Radishes, oriental, cooked, boiled, drained, without salt",Dried corn grits/polenta,11431,464,0.302,n,
rutabaga raw,sugar table,"Rutabagas, raw",Table sugar,11435,773,0.263,n,
rutabaga without cooked salt boiled drained,oat bran cooked,"Rutabagas, cooked, boiled, drained, without salt",cooked oat bran,11436,902,0.288,n,
liquid solid sauerkraut canned,soy sauce,"Sauerkraut, canned, solids and liquids",Soy sauce,11439,761,0.233,n,
kelp seaweed raw,roasted seaweed,"Seaweed, kelp, raw",Roasted seaweed,11445,538,0.61,,
laver seaweed raw,roasted seaweed,"Seaweed, laver, raw",Roasted seaweed,11446,538,0.661,,
steamed soybean cooked mature sprouted seed,green bean steamed,"Soybeans, mature seeds, sprouted, cooked, steamed",Steamed Green beans,11453,132,0.503,n,
spinach raw,spinach leaf,"Spinach, raw",Spinach leaves,11457,125,0.81,,
without cooked salt boiled spinach drained,spinach leaf,"Spinach, cooked, boiled, drained, without salt",Spinach leaves,11458,125,0.521,,
pack canned spinach solid drained regular,spinach leaf,"Spinach, canned, regular pack, drained solids",Spinach leaves,11461,125,0.496,,
without chopped cooked salt boiled spinach frozen drained leaf,chopped green giant spinach frozen,"Spinach, frozen, chopped or leaf, cooked, boiled, drained, without salt",Frozen Chopped Spinach (Green Giant),11464,721,0.643,,
squash raw crookneck summer straightneck,squash neck yellow steamed,"Squash, summer, crookneck and straightneck, raw",Steamed yellow neck squash,11467,149,0.508,,
without squash canned crookneck salt summer straightneck solid drained,squash neck yellow steamed,"Squash, summer, crookneck and straightneck, canned, drained, solid, without salt",Steamed yellow neck squash,11471,149,0.479,,
without squash cooked crookneck salt summer boiled straightneck frozen drained,squash neck yellow steamed,"Squash, summer, crookneck and straightneck, frozen, cooked, boiled, drained, without salt",Steamed yellow neck squash,11474,149,0.466,,
squash raw summer skin zucchini includes,green zuchini steamed,"Squash, summer, zucchini, includes skin, raw",Steamed green zuchini,11477,150,0.399,,
without squash frozen cooked salt summer boiled skin zucchini includes drained,green zuchini steamed,"Squash, summer, zucchini, includes skin, frozen, cooked, boiled, drained, without salt",Steamed green zuchini,11480,150,0.394,,
baked spaghetti without squash cooked winter salt boiled drained,squash spaghetti steamed,"Squash, winter, spaghetti, cooked, boiled, drained, or baked, without salt",Steamed spaghetti squash,11493,148,0.657,,
without lima corn cooked succotash salt boiled frozen drained,frozen broccoli floret,"Succotash, (corn and limas), frozen, cooked, boiled, drained, without salt",Frozen broccoli florets,11502,598,0.376,n,
without steamed cooked potato salt leaf sweet,sweet potato steamed whole,"Sweet potato leaves, cooked, steamed, without salt",Steamed whole sweet potato,11506,157,0.763,n,
program unprepared raw potato food for usda includes sweet,sweet potato steamed whole,"Sweet potato, raw, unprepared (Includes foods for USDA's Food Distribution Program)",Steamed whole sweet potato,11507,157,0.405,,
baked flesh without cooked potato salt skin sweet,sweet potato steamed whole,"Sweet potato, cooked, baked in skin, flesh, without salt",Steamed whole sweet potato,11508,157,0.542,,
without cooked potato boiled skin sweet,sweet potato steamed whole,"Sweet potato, cooked, boiled, without skin",Steamed whole sweet potato,11510,157,0.594,,
pack canned potato vacuum sweet,sweet potato steamed whole,"Sweet potato, canned, vacuum pack",Steamed whole sweet potato,11512,157,0.461,,
taro raw,starch corn,"Taro, raw",Corn Starch,11518,785,0.264,n,
taro without salt cooked,oat bran cooked,"Taro, cooked, without salt",cooked oat bran,11519,902,0.34,n,
taro leaf raw,spinach leaf,"Taro leaves, raw",Spinach leaves,11520,125,0.352,n,
green raw tomato,large house green tomato whole,"Tomatoes, green, raw",Whole Green house (large) tomato,11527,75,0.663,n,
year red raw round tomato ripe average,large house green tomato whole,"Tomatoes, red, ripe, raw, year round average",Whole Green house (large) tomato,11529,75,0.396,,
cooked red tomato ripe,hunt tomato paste,"Tomatoes, red, ripe, cooked",Hunt's Tomato paste,11530,802,0.48,n,Muir's diced tomatoes
red packed canned tomato ripe juice,muir tomato diced,"Tomatoes, red, ripe, canned, packed in tomato juice",Muir's diced tomatoes,11531,801,0.451,,
red canned stewed tomato ripe,hunt tomato paste,"Tomatoes, red, ripe, canned, stewed",Hunt's Tomato paste,11533,802,0.453,n,Muir's diced tomatoes
added canned salt tomato juice,muir tomato diced,"Tomato juice, canned, with salt added",Muir's diced tomatoes,11540,801,0.493,n,
without paste added canned product salt tomato,hunt tomato paste,"Tomato products, canned, paste, without salt added",Hunt's Tomato paste,11546,802,0.514,,
without puree added canned product salt tomato,large house green tomato whole,"Tomato products, canned, puree, without salt added",Whole Green house (large) tomato,11547,75,0.4,n,Hunt's Tomato paste
canned sauce product tomato,sauce hunt tomato,"Tomato products, canned, sauce",Hunt's Tomato sauce,11549,804,0.63,,
turnip raw,rainbow o cereal morning,"Turnips, raw",Rainbow Morning O's Cereals,11564,681,0.236,n,
without cooked turnip salt boiled drained,oat bran cooked,"Turnips, cooked, boiled, drained, without salt",cooked oat bran,11565,902,0.296,n,
without cooked turnip salt boiled frozen drained,frozen bean green whole,"Turnips, frozen, cooked, boiled, drained, without salt",Frozen whole green beans,11567,596,0.372,n,
without cooked turnip green salt boiled drained,green onion,"Turnip greens, cooked, boiled, drained, without salt",Green onion,11569,849,0.31,n,
without cooked turnip green salt boiled frozen drained,frozen bean green whole,"Turnip greens, frozen, cooked, boiled, drained, without salt",Frozen whole green beans,11575,596,0.512,n,
raw waterchestnuts matai chinese,cheese commercial mac,"Waterchestnuts, chinese, (matai), raw",Commercial Mac and Cheese,11588,282,0.282,n,
canned waterchestnuts chinese liquid solid,nut pine,"Waterchestnuts, chinese, canned, solids and liquids",Pine nut,11590,559,0.261,n,
raw watercress,seedless watermelon,"Watercress, raw",Seedless watermelon,11591,95,0.328,n,
without cooked waxgourd melon preserving chinese boiled salt drained,seedless watermelon,"Waxgourd, (chinese preserving melon), cooked, boiled, drained, without salt",Seedless watermelon,11594,95,0.294,n,
baked without yam cooked salt boiled drained,oat bran cooked,"Yam, cooked, boiled, drained, or baked, without salt",cooked oat bran,11602,902,0.344,n,
raw jicama yambean,jicama,"Yambean (jicama), raw",Jicama,11603,103,0.731,,
canned pickled beet liquid solid,pickle,"Beets, pickled, canned, solids and liquids",Pickles,11609,755,0.539,n,"Peeled, steamed beetroot"
variety without squash cooked all salt summer boiled drained,squash neck yellow steamed,"Squash, summer, all varieties, cooked, boiled, drained, without salt",Steamed yellow neck squash,11642,149,0.403,,
baked variety without squash cooked winter all salt,squash butternut steamed,"Squash, winter, all varieties, cooked, baked, without salt",Steamed butternut squash,11644,146,0.4,,
canned carrot juice,carrot juice,"Carrot juice, canned",Carrot juice,11655,232,0.889,,
home prepared milk added mashed potato whole,sweet potato steamed whole,"Potatoes, mashed, home-prepared, whole milk added",Steamed whole sweet potato,11657,157,0.484,n,
agar seaweed dried,roasted seaweed,"Seaweed, agar, dried",Roasted seaweed,11663,538,0.639,,
seaweed dried spirulina,roasted seaweed,"Seaweed, spirulina, dried",Roasted seaweed,11667,538,0.481,,
seaweed wakame raw,roasted seaweed,"Seaweed, wakame, raw",Roasted seaweed,11669,538,0.555,,
chili pepper hot raw green,pepper steamed bell green whole seed,"Peppers, hot chili, green, raw",Steamed whole green bell pepper w/o seed,11670,142,0.558,n,Jalapeno
baked without flesh potato salt skin,russet flesh steamed potato,"Potatoes, baked, flesh and skin, without salt",Steamed russet potato flesh only,11674,167,0.512,n,Steamed whole russet potato
bean yellow without cooked salt boiled drained snap,yellow nectarine whole,"Beans, snap, yellow, cooked, boiled, drained, without salt",Whole yellow nectarine,11724,60,0.415,n,Steamed Green beans
bean added canned green salt solid drained snap,black bean canned sw,"Beans, snap, green, canned, no salt added, drained solids",Canned black beans (S&W),11729,268,0.449,n,Steamed Green beans
bean yellow without cooked salt boiled frozen drained snap,frozen bean green whole,"Beans, snap, yellow, frozen, cooked, boiled, drained, without salt",Frozen whole green beans,11732,596,0.444,,
added canned beet salt liquid solid,kidney canned bean,"Beets, canned, no salt added, solids and liquids",Canned Kidney beans,11735,271,0.332,n,"Peeled, steamed beetroot"
added canned salt liquid solid carrot,carrot juice,"Carrots, canned, no salt added, solids and liquids",Carrot juice,11758,232,0.437,n,Steamed whole carrots
yellow added canned corn salt liquid solid sweet,corn yellow tortilla,"Corn, sweet, yellow, canned, no salt added, solids and liquids",Yellow corn tortilla,11771,206,0.433,n,Frozen Golden Corn Kernels (Siganture Select)
added canned green pea salt liquid solid,green pea split,"Peas, green, canned, no salt added, solids and liquids",Green split peas,11812,1100,0.353,n,Frozen Whole Sweet Green Peas (Flav R Pac)
chili pepper hot red raw,pepper red steamed bell whole seed,"Peppers, hot chili, red, raw",Steamed whole red bell pepper w/o seed,11819,143,0.501,n,Jalapeno
chili pepper hot red excluding canned liquid solid seed,pepper red steamed bell whole seed,"Peppers, hot chili, red, canned, excluding seeds, solids and liquids",Steamed whole red bell pepper w/o seed,11820,143,0.408,n,Jalapeno
pepper raw red sweet,pepper red steamed bell whole seed,"Peppers, sweet, red, raw",Steamed whole red bell pepper w/o seed,11821,143,0.591,,
pepper without red cooked salt boiled drained sweet,pepper red steamed bell whole seed,"Peppers, sweet, red, cooked, boiled, drained, without salt",Steamed whole red bell pepper w/o seed,11823,143,0.518,,
red added packed canned salt tomato ripe juice,muir tomato diced,"Tomatoes, red, ripe, canned, packed in tomato juice, no salt added",Muir's diced tomatoes,11885,801,0.423,,
puree added canned product salt tomato,sauce hunt tomato,"Tomato products, canned, puree, with salt added",Hunt's Tomato sauce,11888,804,0.397,,
without white corn cooked salt boiled drained sweet,white bread,"Corn, sweet, white, cooked, boiled, drained, without salt",White bread,11901,840,0.386,n,Frozen Golden Corn Kernels (Siganture Select)
kernel white canned corn whole solid drained sweet,cherry sweet whole,"Corn, sweet, white, canned, whole kernel, drained solids",Whole sweet cherry,11905,85,0.427,n,Frozen Golden Corn Kernels (Siganture Select)
cut without kernel white corn salt boiled frozen cob drained sweet off,select kernel corn siganture frozen golden,"Corn, sweet, white, frozen, kernels cut off cob, boiled, drained, without salt",Frozen Golden Corn Kernels (Siganture Select),11911,727,0.445,,
pepper unprepared red chopped frozen sweet,pepper red steamed bell whole seed,"Peppers, sweet, red, frozen, chopped, unprepared",Steamed whole red bell pepper w/o seed,11917,143,0.518,,
bean yellow pack canned solid drained snap regular,black bean canned sw,"Beans, snap, yellow, canned, regular pack, drained solids",Canned black beans (S&W),11932,268,0.487,n,Steamed Green beans
catsup,sunfood superfood macadamia,Catsup,Macadamia (Sunfood Superfood),11935,555,0.197,n,Tomato Ketchup
dill cucumber pickle kosher,english cucumber whole,"Pickles, cucumber, dill or kosher dill",Whole English cucumber,11937,184,0.495,n,Pickles
cucumber pickle sour,english cucumber whole,"Pickles, cucumber, sour",Whole English cucumber,11941,184,0.568,n,Pickles
canned pimento,pinto sodium bean canned low,"Pimento, canned",Canned low sodium pinto bean,11943,267,0.448,n,
relish pickle sweet,pickle,"Pickle relish, sweet",Pickles,11945,755,0.639,,
sodium pickle sour cucumber low,english cucumber whole,"Pickles, cucumber, sour, low sodium",Whole English cucumber,11946,184,0.507,n,Pickles
catsup sodium low,chicken sodium low broth,"Catsup, low sodium",Low sodium chicken broth,11949,795,0.479,n,Tomato Ketchup
raw radicchio,muir tomato diced,"Radicchio, raw",Muir's diced tomatoes,11952,801,0.21,n,
tomatillo raw,corn yellow tortilla,"Tomatillos, raw",Yellow corn tortilla,11954,206,0.418,n,
bulb raw fennel,grain bulgur red whole,"Fennel, bulb, raw",Red whole grain bulgur,11957,454,0.241,n,
raw arugula,arugula,"Arugula, raw",arugula,11959,908,0.964,,
nopales raw,kale,"Nopales, raw",Kale,11963,846,0.276,n,
nopales without salt cooked,oat bran cooked,"Nopales, cooked, without salt",cooked oat bran,11964,902,0.272,n,
green raw cauliflower,cauliflower floret stalk steamed,"Cauliflower, green, raw",Steamed Cauliflower florets and stalk,11965,128,0.687,,
added cooked green salt cauliflower,cauliflower floret stalk steamed,"Cauliflower, green, cooked, no salt added",Steamed Cauliflower florets and stalk,11967,128,0.64,,
broccoli chinese cooked,frozen broccoli floret,"Broccoli, chinese, cooked",Frozen broccoli florets,11969,598,0.53,n,Steamed Crown broccoli florets and stalk
raw grape leaf,seedless grape red,"Grape leaves, raw",Red seedless grape,11974,99,0.454,n,
pepper raw banana,chip banana,"Pepper, banana, raw",Banana chips,11976,527,0.674,n,
pepper serrano raw,pepper red steamed bell whole seed,"Peppers, serrano, raw",Steamed whole red bell pepper w/o seed,11977,143,0.448,n,
jalapeno pepper raw,jalapeno,"Peppers, jalapeno, raw",Jalapeno,11979,750,0.817,,
broccoli chinese raw,frozen broccoli floret,"Broccoli, chinese, raw",Frozen broccoli florets,11994,598,0.537,n,Steamed Crown broccoli florets and stalk
dried squash kernel pumpkin seed,pumpkin seed,"Seeds, pumpkin and squash seed kernels, dried",Pumpkin seeds,12014,562,0.677,,
without squash kernel roasted salt pumpkin seed,pumpkin seed,"Seeds, pumpkin and squash seed kernels, roasted, without salt",Pumpkin seeds,12016,562,0.599,,
whole dried seed sesame,pepper red steamed bell whole seed,"Seeds, sesame seeds, whole, dried",Steamed whole red bell pepper w/o seed,12023,143,0.468,n,
without kernel dry roasted salt sunflower seed,sunflower seed,"Seeds, sunflower seed kernels, dry roasted, without salt",Sunflower seeds,12037,561,0.703,,
nut almond,roasted almond,"Nuts, almonds",roasted almonds,12061,899,0.733,,
nut almond blanched,roasted almond,"Nuts, almonds, blanched",roasted almonds,12062,899,0.549,,
without nut added dry roasted salt almond,roasted almond,"Nuts, almonds, dry roasted, without salt added",roasted almonds,12063,899,0.706,,
without oil nut added roasted salt almond,roasted almond,"Nuts, almonds, oil roasted, without salt added",roasted almonds,12065,899,0.717,,
nut almond paste,roasted almond,"Nuts, almond paste",roasted almonds,12071,899,0.771,n,Almond Butter (Justin's)
nut dried unblanched brazilnuts,nut brazil,"Nuts, brazilnuts, dried, unblanched",Brazil nuts,12078,557,0.627,,
without nut added dry roasted salt cashew,cashew,"Nuts, cashew nuts, dry roasted, without salt added",Cashew,12085,552,0.574,,
nut meat raw coconut,milk coconut,"Nuts, coconut meat, raw",coconut milk,12104,898,0.738,n,Dried coconut chips
dried nut sweetened packaged meat flaked desiccated coconut,chip dried coconut,"Nuts, coconut meat, dried (desiccated), sweetened, flaked, packaged",Dried coconut chips,12109,534,0.49,n,Dried coconut strips
nut sweetened canned coconut cream,milk coconut,"Nuts, coconut cream, canned, sweetened",coconut milk,12116,898,0.559,n,
milk nut raw expressed meat from water liquid grated coconut,milk coconut,"Nuts, coconut milk, raw (liquid expressed from grated meat and water)",coconut milk,12117,898,0.532,,
nut filbert hazelnut,flour hazelnut,"Nuts, hazelnuts or filberts",Hazelnut flour,12120,262,0.706,n,
nut pecan,pecan,"Nuts, pecans",Pecan,12142,560,0.845,,
nut dried pine,nut pine,"Nuts, pine nuts, dried",Pine nut,12147,559,0.774,,
without nut added pistachio dry roasted salt,fiddyment pistachio farm,"Nuts, pistachio nuts, dry roasted, without salt added",Pistachio (Fiddyment Farm),12152,558,0.441,,
nut english walnut,walnut,"Nuts, walnuts, english",Walnuts,12155,770,0.731,,
sesame kernel most butter toasted tahini roasted from type seed common,roasted almond,"Seeds, sesame butter, tahini, from roasted and toasted kernels (most common type)",roasted almonds,12166,899,0.413,n,Tahini spread (365 Whole Foods Market)
nut european chestnut roasted,peanut,"Nuts, chestnuts, european, roasted",Peanuts,12167,551,0.451,n,
shredded dried nut sweetened meat desiccated coconut,chip dried coconut,"Nuts, coconut meat, dried (desiccated), sweetened, shredded",Dried coconut chips,12179,534,0.51,n,Dried coconut strips
dried sesame kernel decorticated seed,select kernel corn siganture frozen golden,"Seeds, sesame seed kernels, dried (decorticated)",Frozen Golden Corn Kernels (Siganture Select),12201,727,0.335,n,
flaxseed seed,flaxseed golden,"Seeds, flaxseed",Golden flaxseed,12220,457,0.757,,
plain nut added butter salt cashew,cashew,"Nuts, cashew butter, plain, with salt added",Cashew,12588,552,0.567,,
nut added dry roasted salt macadamia,sunfood superfood macadamia,"Nuts, macadamia nuts, dry roasted, with salt added",Macadamia (Sunfood Superfood),12632,555,0.454,,
plain nut added butter salt almond,justins almond butter,"Nuts, almond butter, plain, with salt added",Almond Butter (Justin's),12695,224,0.6,,
cut fat retail beef cooked separable,oat bran cooked,"Beef, retail cuts, separable fat, cooked",cooked oat bran,13020,902,0.308,n,
0 fat trimmed lean raw beef flank separable steak choice,tip steak round beef,"Beef, flank, steak, separable lean only, trimmed to 0"" fat, choice, raw",Beef round tip steak,13068,876,0.38,,
braised shortribs fat lean beef cooked separable rib choice,oat bran cooked,"Beef, rib, shortribs, separable lean and fat, choice, cooked, braised",cooked oat bran,13148,902,0.33,n,Beef round tip steak
braised shortribs lean beef cooked separable rib choice,oat bran cooked,"Beef, rib, shortribs, separable lean only, choice, cooked, braised",cooked oat bran,13150,902,0.32,n,Beef round tip steak
broiled patty ground cooked beef frozen,frozen bean green whole,"Beef, ground, patties, frozen, cooked, broiled",Frozen whole green beans,13317,596,0.447,n,Beef round tip steak
variety brain product beef cooked meat by simmered,oat bran cooked,"Beef, variety meats and by-products, brain, cooked, simmered",cooked oat bran,13320,902,0.335,n,
variety product beef cooked meat by heart simmered,artichoke canned heart,"Beef, variety meats and by-products, heart, cooked, simmered",Canned Artichoke hearts,13322,274,0.344,n,
variety product kidney beef cooked meat by simmered,kidney canned bean,"Beef, variety meats and by-products, kidneys, cooked, simmered",Canned Kidney beans,13324,271,0.462,n,
braised variety product liver beef cooked meat by,oat bran cooked,"Beef, variety meats and by-products, liver, cooked, braised",cooked oat bran,13326,902,0.33,n,
fried variety product liver beef cooked meat by pan,bean refried,"Beef, variety meats and by-products, liver, cooked, pan-fried",Refried Beans,13327,757,0.39,n,
tongue variety product beef cooked meat by simmered,oat bran cooked,"Beef, variety meats and by-products, tongue, cooked, simmered",cooked oat bran,13340,902,0.237,n,
variety raw product tripe beef meat by,strip dried coconut,"Beef, variety meats and by-products, tripe, raw",Dried coconut strips,13341,532,0.301,n,
strip cured cooked beef breakfast,tip steak round beef,"Beef, cured, breakfast strips, cooked",Beef round tip steak,13345,876,0.4,,
cured brisket cooked beef corned,oat bran cooked,"Beef, cured, corned beef, brisket, cooked",cooked oat bran,13347,902,0.33,n,Beef round tip steak
canned cured beef corned,black bean canned sw,"Beef, cured, corned beef, canned",Canned black beans (S&W),13348,268,0.416,n,Beef round tip steak
dried cured beef,bean refried,"Beef, cured, dried",Refried Beans,13350,757,0.42,n,Beef round tip steak
pastrami cured beef,curely green mustard steamed,"Beef, cured, pastrami",Steamed Curely mustard greens,13355,121,0.297,n,Beef round tip steak
of cut 0 fat trimmed lean composite retail beef cooked separable all grade,steamed stalk green collard leaf,"Beef, composite of trimmed retail cuts, separable lean only, trimmed to 0"" fat, all grades, cooked",Steamed Collard greens leaves and stalk,13364,119,0.31,n,Beef round tip steak
braised fat 0 brisket trimmed lean beef cooked separable all grade whole,pepper red steamed bell whole seed,"Beef, brisket, whole, separable lean and fat, trimmed to 0"" fat, all grades, cooked, braised",Steamed whole red bell pepper w/o seed,13367,143,0.365,n,Beef round tip steak
braised 0 fat brisket trimmed lean beef cooked separable all grade whole,pepper red steamed bell whole seed,"Beef, brisket, whole, separable lean only, trimmed to 0"" fat, all grades, cooked, braised",Steamed whole red bell pepper w/o seed,13368,143,0.365,n,Beef round tip steak
chuck braised 0 fat trimmed lean beef cooked blade separable all grade roast,oat bran cooked,"Beef, chuck, blade roast, separable lean only, trimmed to 0"" fat, all grades, cooked, braised",cooked oat bran,13382,902,0.369,n,Beef round tip steak
0 fat trimmed lean beef cooked tip round roasted separable all grade roast,tip steak round beef,"Beef, round, tip round, roast, separable lean only, trimmed to 0"" fat, all grades, cooked, roasted",Beef round tip steak,13424,876,0.521,,
broiled fat 0 trimmed lean top sirloin beef cooked separable all grade steak,tip steak round beef,"Beef, top sirloin, steak, separable lean and fat, trimmed to 0"" fat, all grades, cooked, broiled",Beef round tip steak,13451,876,0.359,,
broiled 0 fat trimmed lean top sirloin beef cooked separable all grade steak,tip steak round beef,"Beef, top sirloin, steak, separable lean only, trimmed to 0"" fat, all grades, cooked, broiled",Beef round tip steak,13454,876,0.359,,
0 fat trimmed lean top grilled beef cooked round separable all grade boneless steak,tip steak round beef,"Beef, round, top round steak, boneless, separable lean only, trimmed to 0"" fat, all grades, cooked, grilled",Beef round tip steak,13491,876,0.451,,
of cut fat trimmed lean composite 18 retail beef cooked separable all grade,steamed stalk green collard leaf,"Beef, composite of trimmed retail cuts, separable lean and fat, trimmed to 1/8"" fat, all grades, cooked",Steamed Collard greens leaves and stalk,13796,119,0.306,n,Beef round tip steak
chuck braised fat trimmed lean 18 pot arm beef cooked separable all grade roast,oat bran cooked,"Beef, chuck, arm pot roast, separable lean and fat, trimmed to 1/8"" fat, all grades, cooked, braised",cooked oat bran,13810,902,0.377,n,Beef round tip steak
chuck braised fat trimmed lean 18 pot arm beef cooked separable choice roast,oat bran cooked,"Beef, chuck, arm pot roast, separable lean and fat, trimmed to 1/8"" fat, choice, cooked, braised",cooked oat bran,13812,902,0.375,n,Beef round tip steak
chuck braised fat trimmed lean 18 beef cooked blade separable all grade roast,oat bran cooked,"Beef, chuck, blade roast, separable lean and fat, trimmed to 1/8"" fat, all grades, cooked, braised",cooked oat bran,13816,902,0.364,n,Beef round tip steak
6 fat trimmed lean 18 beef cooked roasted rib separable 12 whole choice,pepper red steamed bell whole seed,"Beef, rib, whole (ribs 6-12), separable lean and fat, trimmed to 1/8"" fat, choice, cooked, roasted",Steamed whole red bell pepper w/o seed,13829,143,0.374,n,Beef round tip steak
6 large fat end 9 lean trimmed 18 beef cooked roasted rib separable all grade,steamed stalk green collard leaf,"Beef, rib, large end (ribs 6-9), separable lean and fat, trimmed to 1/8"" fat, all grades, cooked, roasted",Steamed Collard greens leaves and stalk,13840,119,0.367,n,Beef round tip steak
cut fat trimmed lean 18 full raw beef round separable choice,tip steak round beef,"Beef, round, full cut, separable lean and fat, trimmed to 1/8"" fat, choice, raw",Beef round tip steak,13864,876,0.376,,
cut broiled fat trimmed lean 18 full beef cooked round separable choice,tip steak round beef,"Beef, round, full cut, separable lean and fat, trimmed to 1/8"" fat, choice, cooked, broiled",Beef round tip steak,13865,876,0.37,,
fat trimmed lean 18 beef cooked tip round roasted separable all grade roast,tip steak round beef,"Beef, round, tip round, roast, separable lean and fat, trimmed to 1/8"" fat, all grades, cooked, roasted",Beef round tip steak,13884,876,0.513,,
fat trimmed lean 18 beef cooked tip round roasted separable choice roast,tip steak round beef,"Beef, round, tip round, roast, separable lean and fat, trimmed to 1/8"" fat, choice, cooked, roasted",Beef round tip steak,13886,876,0.519,,
fat select trimmed lean 18 beef cooked tip round roasted separable roast,tip steak round beef,"Beef, round, tip round, roast, separable lean and fat, trimmed to 1/8"" fat, select, cooked, roasted",Beef round tip steak,13888,876,0.506,,
braised fat trimmed lean top 18 beef cooked round separable all grade,tip steak round beef,"Beef, round, top round, separable lean and fat, trimmed to 1/8"" fat, all grades, cooked, braised",Beef round tip steak,13892,876,0.379,,
broiled fat trimmed lean top 18 beef cooked round separable all grade steak,tip steak round beef,"Beef, round, top round steak, separable lean and fat, trimmed to 1/8"" fat, all grades, cooked, broiled",Beef round tip steak,13893,876,0.502,,
fat short trimmed lean top 18 loin grilled beef cooked separable steak choice,pepper steamed bell green whole seed,"Beef, short loin, top loin, steak, separable lean and fat, trimmed to 1/8"" fat, choice, cooked, grilled",Steamed whole green bell pepper w/o seed,13912,142,0.344,n,Beef round tip steak
fried fat trimmed lean top 18 sirloin beef cooked separable steak pan choice,bean refried,"Beef, top sirloin, steak, separable lean and fat, trimmed to 1/8"" fat, choice, cooked, pan-fried",Refried Beans,13933,757,0.356,n,Beef round tip steak
fat 0 trimmed lean top grilled beef cooked round separable all grade boneless steak,tip steak round beef,"Beef, round, top round steak, boneless, separable lean and fat, trimmed to 0"" fat, all grades, cooked, grilled",Beef round tip steak,13959,876,0.451,,
alcoholic beer all beverage regular,rice cereal gerber,"Alcoholic beverage, beer, regular, all",Rice cereal (Gerber),14003,432,0.254,n,Budweiser
light beverage beer alcoholic,righteous bread rye,"Alcoholic beverage, beer, light",Righteous rye bread,14006,884,0.23,n,
carb alcoholic beer beverage low light,rice cereal gerber,"Alcoholic beverage, beer, light, low carb",Rice cereal (Gerber),14013,432,0.255,n,
drink citrus beverage energy,rice cereal gerber,"Beverages,  Energy drink, Citrus",Rice cereal (Gerber),14021,432,0.199,n,
carb drink energy low monster beverage,rice cereal gerber,"Beverages, MONSTER energy drink, low carb",Rice cereal (Gerber),14022,432,0.261,n,
drink citrus no coca charged b6 fortified grape the energy b12 cola loaded original vitamin company beverage cherry,top apple sauce tree original,"Beverages, THE COCA-COLA COMPANY, NOS energy drink, Original, grape, loaded cherry, charged citrus, fortified with vitamins B6 and B12",Original apple sauce (Tree top),14030,277,0.326,n,
zero calorie bottled anti yumberry oxidant water beverage pomegranate,pomegranate seed,"Beverages, water, bottled, yumberry, pomegranate with anti-oxidants, zero calories",Pomegranate w/ seeds,14031,600,0.479,n,
abbott ea powder beverage whey protein,powder protein,"Beverages, ABBOTT, EAS whey protein powder",Protein powder,14033,778,0.678,,
proof alcoholic menthe creme beverage 72 de,farina of wheat cerealcream,"Alcoholic beverage, creme de menthe, 72 proof",Wheat farina cereal/cream of wheat,14034,427,0.258,n,
abbott ea powder soy beverage protein,powder protein,"Beverages, ABBOTT, EAS soy protein powder",Protein powder,14035,778,0.697,,
drink milk muscle cytosport ready beverage,soy milk,"Beverages, CYTOSPORT, Muscle Milk, ready-to-drink",Soy milk,14036,228,0.247,n,
proof distilled alcoholic rum vodka whiskey all gin 80 beverage,wheat tortilla whole,"Alcoholic beverage, distilled, all (gin, rum, vodka, whiskey) 80 proof",Whole wheat tortilla,14037,208,0.253,n,
drink cran energy spray ocean cranberry juice beverage,cranberry,"Beverages, OCEAN SPRAY, Cran-Energy, Cranberry Energy Juice Drink",Cranberry,14038,772,0.632,n,
drink plus nutritional nestle boost ready beverage,strip dried coconut,"Beverages, NESTLE, Boost plus, nutritional drink, ready-to-drink",Dried coconut strips,14041,532,0.272,n,
shake drink 1 3 2 meal replacement slimfast high ready beverage plan protein,powder protein,"Beverages, SLIMFAST, Meal replacement,  High Protein Shake, Ready-To-Drink, 3-2-1 plan",Protein powder,14044,778,0.305,n,
unilever drink 1 3 2 meal replacement slimfast ready beverage plan regular,vanilla cream bean ice,"Beverages, UNILEVER, SLIMFAST, meal replacement, regular, ready-to-drink,  3-2-1 Plan",Vanilla bean ice cream,14045,789,0.285,n,
unilever shake 1 3 2 powder mix slimfast plan beverage,powder protein,"Beverages, UNILEVER, SLIMFAST Shake Mix, powder, 3-2-1 Plan",Protein powder,14047,778,0.263,n,
proof distilled alcoholic rum 80 beverage,wheat tortilla whole,"Alcoholic beverage, distilled, rum, 80 proof",Whole wheat tortilla,14050,208,0.252,n,
unilever shake 1 3 2 powder mix slimfast high plan beverage whey protein,powder protein,"Beverages, UNILEVER, SLIMFAST Shake Mix, high protein, whey powder, 3-2-1 Plan,",Protein powder,14055,778,0.472,n,
drink berry acai fortified beverage,cranberry,"Beverages, Acai berry drink, fortified",Cranberry,14056,772,0.3,n,
alcoholic wine dessert beverage sweet,cherry sweet whole,"Alcoholic beverage, wine, dessert, sweet",Whole sweet cherry,14057,85,0.358,n,
shake k special kellogg beverage protein,powder protein,"Beverages, KELLOGG'S, SPECIAL K Protein Shake",Protein powder,14059,778,0.364,n,
drink sugar free energy beverage,sugar table,"Beverages, Energy Drink, sugar free",Table sugar,14061,773,0.424,n,
shake abbott drink nutritional ensure beverage ready,strip dried coconut,"Beverages, ABBOTT, ENSURE, Nutritional Shake, Ready-to-Drink",Dried coconut strips,14062,532,0.244,n,
sugar added powder chocolate beverage,chocolate,"Beverages, chocolate powder, no sugar added",Chocolate,14063,776,0.543,n,Cocoa powder
pulp orange juice beverage light,free orange pulp juice,"Beverages, Orange juice, light, No pulp",Pulp free orange juice,14064,236,0.769,n,
coca the hi c flashin cola fruit punch company beverage,cola coca,"Beverages, The COCA-COLA company, Hi-C Flashin' Fruit Punch",Coca cola,14065,765,0.445,n,
based powder beverage whey protein,powder protein,"Beverages, Protein powder whey based",Protein powder,14066,778,0.702,,
based powder soy beverage protein,powder protein,"Beverages, Protein powder soy based",Protein powder,14067,778,0.726,,
k20 powder special kellogg beverage protein,powder protein,"Beverages, KELLOGG'S SPECIAL K20 protein powder",Protein powder,14068,778,0.547,n,
colored citrus drink yellow caffeine soft green beverage,yellow nectarine whole,"Beverages, yellow green colored citrus soft drink with caffeine",Whole yellow nectarine,14079,60,0.359,n,
alcoholic wine table all beverage,vegetable juice,"Alcoholic beverage, wine, table, all",Vegetable juice,14084,234,0.317,n,Cabernet Sauvignon wine
drink unsweetened water beverage coconut ready,pitted unsweetened prune,"Beverages, Coconut water, ready-to-drink, unsweetened",Unsweetened pitted prunes,14090,842,0.449,n,
milk almond shelf unsweetened stable beverage,milk almond unsweetened,"Beverages, almond milk, unsweetened, shelf stable",Unsweetened almond milk,14091,794,0.743,,
coca fortified the glaceau cola water fruit punch revive vitamin company beverage,cola coca,"Beverages, The COCA-COLA company, Glaceau Vitamin Water, Revive Fruit Punch, fortified",Coca cola,14093,765,0.337,n,
red alcoholic wine table beverage,vegetable juice,"Alcoholic beverage, wine, table, red",Vegetable juice,14096,234,0.327,n,Cabernet Sauvignon wine
alcoholic wine white table beverage,white bread,"Alcoholic beverage, wine, table, white",White bread,14106,840,0.369,n,
carbonated beverage club soda,bean canned garbanzo,"Beverages, carbonated, club soda",Canned garbanzo beans,14121,269,0.206,n,
carbonated beverage cream soda,cream sour,"Carbonated beverage, cream soda",Sour cream,14130,787,0.358,n,
ginger carbonated beverage ale,rice cereal gerber,"Beverages, carbonated, ginger ale",Rice cereal (Gerber),14136,432,0.314,n,
caffeine pepper calorie without other carbonated cola than beverage low,pepper red steamed bell whole seed,"Beverages, carbonated, low calorie, other than cola or pepper,  without caffeine",Steamed whole red bell pepper w/o seed,14143,143,0.354,n,
lemon caffeine without carbonated sprite lime beverage,sprite,"Beverages, carbonated, SPRITE, lemon-lime, without caffeine",Sprite,14145,766,0.407,,
caffeine pepper calorie without carbonated cola type aspartame beverage low,pepper red steamed bell whole seed,"Beverages, carbonated, low calorie, cola or pepper-type, with aspartame, without caffeine",Steamed whole red bell pepper w/o seed,14146,143,0.401,n,
caffeine without carbonated cola beverage,cola coca,"Beverages, carbonated, cola, without caffeine",Coca cola,14147,765,0.277,,
carbonated beverage cola regular,cola coca,"Beverages, carbonated, cola, regular",Coca cola,14148,765,0.295,,
sugar caffeine contains reduced carbonated cola sweetener beverage,sugar table,"Beverages, carbonated, reduced sugar, cola, contains caffeine and sweeteners",Table sugar,14149,773,0.324,n,
caffeine pepper calorie aspartame contains other carbonated cola than beverage low,pepper red steamed bell whole seed,"Beverages, carbonated, low calorie, other than cola or pepper, with aspartame, contains caffeine",Steamed whole red bell pepper w/o seed,14151,143,0.356,n,
drink red energy bull beverage,grain bulgur red whole,"Beverages, Energy drink, RED BULL",Red whole grain bulgur,14154,454,0.3,n,
carbonated tonic beverage water,onion,"Beverages, carbonated, tonic water",Onion,14155,749,0.266,n,
drink sugar caffeine red pantothenic free added b6 energy niacin b12 vitamin acid bull beverage,red chard steamed organic stalk cal leaf,"Beverages, Energy drink, RED BULL, sugar free, with added caffeine, niacin, pantothenic acid, vitamins B6 and B12",Steamed Red chard leaves and stalk (Cal-Organic),14156,114,0.265,n,
root carbonated beverage beer,peeled steamed beetroot,"Beverages, carbonated, root beer","Peeled, steamed beetroot",14157,104,0.337,n,
drink fortified c juice apple vitamin beverage light,apple juice,"Beverages, Apple juice drink, light, fortified with vitamin C",Apple juice,14162,235,0.483,n,
berry zero mixed powerade beverage,burger patty vegetable mixed,"Beverages, POWERADE, Zero, Mixed Berry",Mixed vegetable burger patty,14167,608,0.339,n,
milk d2 fortified sweetened a b12 calcium vitamin beverage coconut,milk coconut,"Beverages, coconut milk, sweetened, fortified with calcium, vitamins A, B12, D2",coconut milk,14171,898,0.455,,
drink light fortified e c fruit juice vitamin beverage lemonade,vegetable juice,"Beverages, Lemonade fruit juice drink light, fortified with vitamin E and C",Vegetable juice,14174,234,0.308,n,
drink milk based sweetened ready beverage coffee,brewed coffee,"Beverages, coffee, ready to drink, milk based, sweetened",brewed coffee,14179,903,0.451,n,
tea brewed beverage oolong,brewed coffee,"Beverages, tea, Oolong, brewed",brewed coffee,14185,903,0.41,n,Black tea
maid coca minute the cola company beverage lemonade,cola coca,"Beverages, The COCA-COLA company, Minute Maid, Lemonade",Coca cola,14189,765,0.422,n,
drink tea diet green ready beverage,green bean steamed,"Beverages, tea, green, ready-to-drink, diet",Steamed Green beans,14190,132,0.462,n,
cocoa powder beverage mix,cocoa powder,"Beverages, Cocoa mix, powder",Cocoa powder,14192,892,0.758,n,
cocoa sugar added powder mix beverage,cocoa powder,"Beverages, Cocoa mix, no sugar added, powder",Cocoa powder,14196,892,0.645,,
lemon tea drink sweetened black ready beverage,black tea,"Beverages, tea, black, ready-to-drink, lemon, sweetened",Black tea,14199,779,0.468,,
prepared brewed tap decaffeinated water beverage coffee,brewed coffee,"Beverages, coffee, brewed, prepared with tap water, decaffeinated",brewed coffee,14201,903,0.642,,
prepared brewed espresso decaffeinated restaurant beverage coffee,brewed coffee,"Beverages, coffee, brewed, espresso, restaurant-prepared, decaffeinated",brewed coffee,14202,903,0.564,,
coffee caffeine instant the half beverage regular,brewed coffee,"Beverages, coffee, instant, regular, half the caffeine",brewed coffee,14203,903,0.444,,
drink tea sweetened green ready beverage,green bean steamed,"Beverages, tea, green, ready-to-drink, sweetened",Steamed Green beans,14206,132,0.499,n,
lemon drink tea diet ready beverage,green bean steamed,"Beverages, tea, ready-to-drink, lemon, diet",Steamed Green beans,14207,132,0.27,n,Black tea
prepared brewed tap water beverage coffee,brewed coffee,"Beverages, coffee, brewed, prepared with tap water",brewed coffee,14209,903,0.69,,
prepared brewed espresso restaurant beverage coffee,brewed coffee,"Beverages, coffee, brewed, espresso, restaurant-prepared",brewed coffee,14210,903,0.551,,
lemon tea drink diet black ready beverage,black tea,"Beverages, tea, black, ready-to-drink, lemon, diet",Black tea,14211,779,0.48,,
coffee instant powder beverage regular,brewed coffee,"Beverages, coffee, instant, regular, powder",brewed coffee,14214,903,0.413,,
drink fortified c vera vitamin juice aloe beverage,vegetable juice,"Beverages, aloe vera juice drink, fortified with Vitamin C",Vegetable juice,14216,234,0.324,n,
instant decaffeinated powder beverage coffee,brewed coffee,"Beverages, coffee, instant, decaffeinated, powder",brewed coffee,14218,903,0.456,,
instant sweetened mocha beverage coffee,brewed coffee,"Beverages, coffee, instant, mocha, sweetened",brewed coffee,14224,903,0.428,n,
cereal powder substitute grain beverage coffee,grain oat cereal whole,"Beverages, coffee substitute, cereal grain beverage, powder",Whole grain oat cereal,14236,257,0.413,n,
prepared cereal substitute water grain beverage coffee,grain oat cereal whole,"Beverages, coffee substitute, cereal grain beverage, prepared with water",Whole grain oat cereal,14237,257,0.423,n,
alcoholic malt beer beverage lemonade hard,red chard steamed organic stalk cal leaf,"Alcoholic beverage, malt beer, hard lemonade",Steamed Red chard leaves and stalk (Cal-Organic),14239,114,0.278,n,
tea drink black ready beverage,black tea,"Beverages, tea, black, ready to drink",Black tea,14247,779,0.575,,
higher alcoholic beer alcohol beverage light,wheat spaghetti whole,"Alcoholic beverage, beer, light, higher alcohol",Whole wheat spaghetti,14248,442,0.243,n,
amber beverage cider hard,rice cereal gerber,"Beverages, AMBER, hard cider",Rice cereal (Gerber),14250,432,0.274,n,
higher alcoholic beer alcohol beverage,cherry sweet whole,"Alcoholic beverages, beer, higher alcohol",Whole sweet cherry,14251,85,0.254,n,
rose beverage alcoholic wine,organic frosted cereal flake,"Alcoholic beverages, wine, rose",Organic Frosted Flakes Cereals,14253,679,0.239,n,
tea brewed decaffeinated green beverage,brewed coffee,"Beverages, tea, green, brewed, decaffeinated",brewed coffee,14260,903,0.495,n,
drink tea unsweetened green ready beverage,pitted unsweetened prune,"Beverages, tea, green, ready to drink, unsweetened",Unsweetened pitted prunes,14261,842,0.491,n,
tea brewed green beverage regular,green bean steamed,"Beverages, tea, green, brewed, regular",Steamed Green beans,14278,132,0.444,n,
tea drink decaffeinated diet black ready beverage,black tea,"Beverages, tea, black, ready to drink, decaffeinated, diet",Black tea,14280,779,0.423,,
tea drink decaffeinated black ready beverage,black tea,"Beverages, tea, black, ready to drink, decaffeinated",Black tea,14281,779,0.445,,
drink powder flavor beverage lemonade,cocoa powder,"Beverages, lemonade-flavor drink, powder",Cocoa powder,14296,892,0.344,n,
alcoholic beer non beverage includes malt,grain oat cereal whole,"Malt beverage, includes non-alcoholic beer",Whole grain oat cereal,14305,257,0.224,n,
drink dairy based malted powder mix natural beverage,powder protein,"Beverages, Malted drink mix, natural, powder, dairy based.",Protein powder,14311,778,0.295,n,
powder chocolate ovaltine beverage malt,chocolate,"Beverages, OVALTINE, chocolate malt powder",Chocolate,14315,776,0.501,n,
powder flavor mix strawberry beverage,strawberry whole,"Strawberry-flavor beverage mix, powder",Whole strawberry,14350,83,0.599,n,
prepared tea brewed tap decaffeinated water black beverage,brewed coffee,"Beverages, tea, black, brewed, prepared with tap water, decaffeinated",brewed coffee,14352,903,0.423,n,Black tea
tea instant decaffeinated unsweetened beverage,pitted unsweetened prune,"Beverages, tea, instant, decaffeinated, unsweetened",Unsweetened pitted prunes,14353,842,0.457,n,Black tea
prepared tea brewed tap water black beverage,black tea,"Beverages, tea, black, brewed, prepared with tap water",Black tea,14355,779,0.46,,
lemon tea instant decaffeinated diet beverage,green bean steamed,"Beverages, tea, instant, decaffeinated, lemon, diet",Steamed Green beans,14356,132,0.256,n,Black tea
tea instant powder unsweetened beverage,pitted unsweetened prune,"Beverages, tea, instant, unsweetened, powder",Unsweetened pitted prunes,14366,842,0.497,n,Black tea
lemon tea instant unsweetened beverage,milk almond unsweetened,"Beverages, tea, instant, lemon, unsweetened",Unsweetened almond milk,14368,794,0.548,n,Black tea
lemon tea instant sweetened powder beverage,milk almond unsweetened,"Beverages, tea, instant, lemon, sweetened, powder",Unsweetened almond milk,14370,794,0.441,n,
lemon tea instant diet beverage,green bean steamed,"Beverages, tea, instant, lemon, diet",Steamed Green beans,14376,132,0.264,n,Black tea
tea brewed other herb chamomile than beverage,northern great bean,"Beverages, tea, herb, other than chamomile, brewed",Great Northern Beans,14381,1102,0.319,n,
drink orange powder flavor type beverage breakfast,orange slice dried,"Beverages, orange-flavor drink, breakfast type, powder",Dried orange slices,14407,533,0.366,n,
drinking water tap,freeze apple dried ring,"Water, tap, drinking",Freeze dried apple rings,14411,529,0.301,n,
liqueur proof alcoholic 53 beverage coffee,brewed coffee,"Alcoholic beverage, liqueur, coffee, 53 proof",brewed coffee,14414,903,0.381,n,
liqueur proof alcoholic 34 beverage cream coffee,brewed coffee,"Alcoholic beverage, liqueur, coffee with cream, 34 proof",brewed coffee,14415,903,0.38,n,
caffeine pepper calorie contains carbonated cola type aspartame beverage low,pepper red steamed bell whole seed,"Beverages, carbonated, low calorie, cola or pepper-type, with aspartame, contains caffeine",Steamed whole red bell pepper w/o seed,14416,143,0.377,n,
municipal water tap,red chard steamed organic stalk cal leaf,"Water, tap, municipal",Steamed Red chard leaves and stalk (Cal-Organic),14429,114,0.177,n,
drink added orange nutrient ready beverage breakfast,orange slice dried,"Beverages, orange breakfast drink, ready-to-drink, with added nutrients",Dried orange slices,14436,533,0.418,n,
performance drink o 2 quaker gatorade pepsico g ready beverage,gatorade,"Beverages, PEPSICO QUAKER, Gatorade, G performance O 2, ready-to-drink.",Gatorade,14460,780,0.433,,
lemon drink powerade coca flavored cola lime ready beverage,cola coca,"Beverages, COCA-COLA, POWERADE, lemon-lime flavored, ready-to-drink",Coca cola,14461,765,0.408,n,Gatorade
zero carbonated flavored fruit propel non beverage,flav green pac pea whole r frozen sweet,"Beverages, Propel Zero, fruit-flavored, non-carbonated",Frozen Whole Sweet Green Peas (Flav R Pac),14462,712,0.328,n,
tea brewed herb chamomile beverage,brewed coffee,"Beverages, tea, herb, brewed, chamomile",brewed coffee,14545,903,0.361,n,
soda carbonated chocolate flavored beverage,chocolate,"Carbonated beverage, chocolate-flavored soda",Chocolate,14552,776,0.54,n,
non beverage alcoholic wine,cabernet sauvignon wine,"Beverages, Wine, non-alcoholic",Cabernet Sauvignon wine,14553,782,0.264,,
water bottled generic,pear bartlett seed whole,"Water, bottled, generic",Whole Bartlett pear w/o seed,14555,34,0.253,n,
milk added powder flavor chocolate mix for nutrient beverage,chocolate milk lowfat,"Beverages, chocolate-flavor beverage mix for milk, powder, with added nutrients",Lowfat chocolate milk,14557,238,0.466,n,
zero calorie assorted ion4 powerade free flavor beverage,flav green pac pea whole r frozen sweet,"Beverages, Powerade Zero Ion4, calorie-free, assorted flavors",Frozen Whole Sweet Green Peas (Flav R Pac),14599,712,0.343,n,
calorie sweetened sweetener natural flavor carbonated water fruit non bottle low,pitted unsweetened prune,"Water, non-carbonated, bottles, natural fruit flavors, sweetened with low calorie sweetener",Unsweetened pitted prunes,14604,842,0.419,n,
assorted mineral added sweetened flavor bottle water fruit vitamin beverage,flav green pac pea whole r frozen sweet,"Beverages, Water with added vitamins and minerals, bottles, sweetened, assorted fruit flavors",Frozen Whole Sweet Green Peas (Flav R Pac),14605,712,0.354,n,
drink beverage amp energy,lettuce steamed iceberg,"Beverages, Energy drink, AMP",Steamed Iceberg lettuce,14625,124,0.214,n,
drink throttle full energy beverage,cottage cheese,"Beverages, Energy drink, FULL THROTTLE",Cottage cheese,14626,244,0.221,n,
drink b6 fortified energy c b2 b12 monster vitamin b3 beverage,green bean steamed,"Beverages, Energy Drink, Monster, fortified with vitamins C, B2, B3, B6, B12",Steamed Green beans,14627,132,0.2,n,
drink sugar free amp energy beverage,sugar table,"Beverages, Energy drink, AMP, sugar free",Table sugar,14628,773,0.404,n,
rockstar drink beverage energy,curely green mustard steamed,"Beverages, Energy drink, ROCKSTAR",Steamed Curely mustard greens,14629,121,0.207,n,
drink sugar free energy rockstar beverage,sugar table,"Beverages, Energy drink, ROCKSTAR, sugar free",Table sugar,14630,773,0.387,n,
milk rice beverage unsweetened,milk almond unsweetened,"Beverages, rice milk, unsweetened",Unsweetened almond milk,14639,794,0.651,n,
drink citrus energy flavor vault beverage,flav green pac pea whole r frozen sweet,"Beverages, Energy drink, VAULT, citrus flavor",Frozen Whole Sweet Green Peas (Flav R Pac),14640,712,0.256,n,
drink zero sugar citrus free energy flavor vault beverage,flav green pac pea whole r frozen sweet,"Beverages, Energy drink, VAULT Zero, sugar-free, citrus flavor",Frozen Whole Sweet Green Peas (Flav R Pac),14641,712,0.333,n,
calorie quaker gatorade low pepsico g2 beverage,gatorade,"Beverages, PEPSICO QUAKER, Gatorade G2, low calorie",Gatorade,14644,780,0.483,n,
tea brewed beverage hibiscus,brewed coffee,"Beverages, tea, hibiscus, brewed",brewed coffee,14649,903,0.351,n,
carp raw fish,chedder sharp cheese,"Fish, carp, raw",Sharp Chedder Cheese,15008,764,0.343,n,
fish red granular caviar black,black tea,"Fish, caviar, black and red, granular",Black tea,15012,779,0.384,n,
atlantic fish dry cooked heat cod,fillet fish based plant,"Fish, cod, Atlantic, cooked, dry heat",plant based fish fillet,15016,1094,0.364,n,
atlantic fish canned liquid solid cod,fillet fish based plant,"Fish, cod, Atlantic, canned, solids and liquid",plant based fish fillet,15017,1094,0.339,n,
atlantic salted dried fish cod,fillet fish based plant,"Fish, cod, Atlantic, dried and salted",plant based fish fillet,15018,1094,0.384,n,
fish may have raw previously been pacific frozen cod,flav green pac pea whole r frozen sweet,"Fish, cod, Pacific, raw (may have been previously frozen)",Frozen Whole Sweet Green Peas (Flav R Pac),15019,712,0.376,n,
atlantic raw fish croaker,fillet fish based plant,"Fish, croaker, Atlantic, raw",plant based fish fillet,15020,1094,0.35,n,
specie fish mixed raw eel,burger patty vegetable mixed,"Fish, eel, mixed species, raw",Mixed vegetable burger patty,15025,608,0.297,n,
specie fish raw flounder flatfish sole,fillet fish based plant,"Fish, flatfish (flounder and sole species), raw",plant based fish fillet,15028,1094,0.355,n,
raw fish haddock,fillet fish based plant,"Fish, haddock, raw",plant based fish fillet,15033,1094,0.234,n,
atlantic fish raw halibut pacific,fillet fish based plant,"Fish, halibut, Atlantic and Pacific, raw",plant based fish fillet,15036,1094,0.348,n,
herring atlantic raw fish,fillet fish based plant,"Fish, herring, Atlantic, raw",plant based fish fillet,15039,1094,0.367,n,
herring atlantic fish pickled,pickle,"Fish, herring, Atlantic, pickled",Pickles,15041,755,0.53,n,
herring atlantic fish kippered,fillet fish based plant,"Fish, herring, Atlantic, kippered",plant based fish fillet,15042,1094,0.328,n,
mackerel atlantic raw fish,fillet fish based plant,"Fish, mackerel, Atlantic, raw",plant based fish fillet,15046,1094,0.364,n,
fish canned mackerel jack solid drained,black bean canned sw,"Fish, mackerel, jack, canned, drained solids",Canned black beans (S&W),15048,268,0.445,n,
specie fish mixed raw mackerel jack pacific,of soup mushroom food pacific cream,"Fish, mackerel, Pacific and jack, mixed species, raw",Cream of Mushroom Soup (Pacific Foods),15050,650,0.362,n,
mullet striped fish raw,fillet fish based plant,"Fish, mullet, striped, raw",plant based fish fillet,15055,1094,0.408,n,
atlantic fish raw ocean perch,fillet fish based plant,"Fish, ocean perch, Atlantic, raw",plant based fish fillet,15057,1094,0.351,n,
specie fish mixed raw perch,pecan,"Fish, perch, mixed species, raw",Pecan,15060,560,0.272,n,
northern raw fish pike,northern great bean,"Fish, pike, northern, raw",Great Northern Beans,15062,1102,0.624,n,
pollock raw fish,fillet fish based plant,"Fish, pollock, raw",plant based fish fillet,15066,1094,0.283,n,
pompano raw fish florida,fillet fish based plant,"Fish, pompano, florida, raw",plant based fish fillet,15068,1094,0.232,n,
specie fish mixed roe raw,burger patty vegetable mixed,"Fish, roe, mixed species, raw",Mixed vegetable burger patty,15072,608,0.279,n,
salmon fish chinook smoked,roasted almond,"Fish, salmon, chinook, smoked",roasted almonds,15077,899,0.41,n,
chum fish salmon canned bone solid drained,roasted almond,"Fish, salmon, chum, canned, drained solids with bone",roasted almonds,15080,899,0.39,n,
pink salmon raw fish,roasted almond,"Fish, salmon, pink, raw",roasted almonds,15083,899,0.467,n,
total fish salmon canned pink content can,pinto sodium bean canned low,"Fish, salmon, pink, canned, total can contents",Canned low sodium pinto bean,15084,267,0.385,n,
sockeye salmon raw fish,roasted almond,"Fish, salmon, sockeye, raw",roasted almonds,15085,899,0.402,n,
sockeye fish salmon canned solid drained,roasted almond,"Fish, salmon, sockeye, canned, drained solids",roasted almonds,15087,899,0.37,n,
atlantic fish oil solid canned bone sardine drained,pinto sodium bean canned low,"Fish, sardine, Atlantic, canned in oil, drained solids with bone",Canned low sodium pinto bean,15088,267,0.34,n,
raw fish scup,fillet fish based plant,"Fish, scup, raw",plant based fish fillet,15090,1094,0.287,n,
specie fish mixed bass raw sea,fillet fish based plant,"Fish, sea bass, mixed species, raw",plant based fish fillet,15091,1094,0.339,n,
specie fish mixed raw shark,chedder sharp cheese,"Fish, shark, mixed species, raw",Sharp Chedder Cheese,15095,764,0.278,n,
specie snapper fish mixed raw,pepper red steamed bell whole seed,"Fish, snapper, mixed species, raw",Steamed whole red bell pepper w/o seed,15101,143,0.292,n,
specie fish mixed raw sturgeon,burger patty vegetable mixed,"Fish, sturgeon, mixed species, raw",Mixed vegetable burger patty,15104,608,0.402,n,
swordfish raw fish,fillet fish based plant,"Fish, swordfish, raw",plant based fish fillet,15110,1094,0.324,n,
fish oil tuna canned solid drained light,kidney canned bean,"Fish, tuna, light, canned in oil, drained solids",Canned Kidney beans,15119,271,0.303,n,Albacore white tuna
fish tuna canned water solid drained light,black bean canned sw,"Fish, tuna, light, canned in water, drained solids",Canned black beans (S&W),15121,268,0.302,n,Albacore white tuna
fresh fish yellowfin tuna raw,yellow flesh banana,"Fish, tuna, fresh, yellowfin, raw",Yellow banana flesh only,15127,48,0.413,n,Albacore white tuna
specie fish mixed raw whiting,white bread,"Fish, whiting, mixed species, raw",White bread,15132,840,0.279,n,
made crustacean alaska imitation surimi from crab king,cracker saltine,"Crustaceans, crab, alaska king, imitation, made from surimi",Saltine Crackers,15138,672,0.211,n,
crustacean blue moist cooked crab heat,cracker wheat nabisco,"Crustaceans, crab, blue, cooked, moist heat",Wheat crackers (Nabisco),15140,510,0.308,n,
blue crustacean canned crab,black bean canned sw,"Crustaceans, crab, blue, canned",Canned black beans (S&W),15141,268,0.408,n,
specie crustacean crayfish mixed raw wild,blend rice wild,"Crustaceans, crayfish, mixed species, wild, raw",Wild blend rice,15145,866,0.274,n,
specie crustacean crayfish mixed moist cooked heat wild,skim mozarella part moisture cheese low,"Crustaceans, crayfish, mixed species, wild, cooked, moist heat",Low Moisture part Skim Mozarella cheese,15146,245,0.261,n,
lobster northern crustacean raw,northern great bean,"Crustaceans, lobster, northern, raw",Great Northern Beans,15147,1102,0.56,n,
crustacean lobster moist cooked northern heat,northern great bean,"Crustaceans, lobster, northern, cooked, moist heat",Great Northern Beans,15148,1102,0.54,n,
specie crustacean may mixed raw additive contain moisture retain shrimp,shrimp,"Crustaceans, shrimp, mixed species, raw (may contain additives to retain moisture)",Shrimp,15149,877,0.354,,
specie crustacean may have mixed moist previously cooked been heat frozen shrimp,shrimp,"Crustaceans, shrimp, mixed species, cooked, moist heat (may have been previously frozen)",Shrimp,15151,877,0.35,,
specie crustacean mixed canned shrimp,shrimp,"Crustaceans, shrimp, mixed species, canned",Shrimp,15152,877,0.492,,
specie mollusk mixed raw abalone,burger patty vegetable mixed,"Mollusks, abalone, mixed species, raw",Mixed vegetable burger patty,15155,608,0.258,n,
specie mollusk mixed raw clam,burger patty vegetable mixed,"Mollusks, clam, mixed species, raw",Mixed vegetable burger patty,15157,608,0.253,n,
specie mollusk mixed canned solid drained clam,black bean canned sw,"Mollusks, clam, mixed species, canned, drained solids",Canned black beans (S&W),15160,268,0.293,n,
specie mollusk mixed canned liquid clam,pecan,"Mollusks, clam, mixed species, canned, liquid",Pecan,15162,560,0.261,n,
mussel raw mollusk blue,brussel sprout steamed whole,"Mollusks, mussel, blue, raw",Steamed Whole brussel sprouts,15164,126,0.364,n,
common raw mollusk octopus,cheese commercial mac,"Mollusks, octopus, common, raw",Commercial Mac and Cheese,15166,282,0.2,n,
mollusk raw oyster eastern wild,blend rice wild,"Mollusks, oyster, eastern, wild, raw",Wild blend rice,15167,866,0.282,n,
eastern canned oyster mollusk,squash butternut steamed,"Mollusks, oyster, eastern, canned",Steamed butternut squash,15170,146,0.279,n,
specie mollusk mixed scallop raw,burger patty vegetable mixed,"Mollusks, scallop, mixed species, raw",Mixed vegetable burger patty,15172,608,0.231,n,
specie squid mollusk mixed raw,squash neck yellow steamed,"Mollusks, squid, mixed species, raw",Steamed yellow neck squash,15175,149,0.248,n,
fish may dry cooked heat additive contain moisture pacific retain cod,of soup mushroom food pacific cream,"Fish, cod, Pacific, cooked, dry heat (may contain additives to retain moisture)",Cream of Mushroom Soup (Pacific Foods),15192,650,0.34,n,
mollusk moist cooked octopus heat common,skim mozarella part moisture cheese low,"Mollusks, octopus, common, cooked, moist heat",Low Moisture part Skim Mozarella cheese,15230,245,0.334,n,
fish catfish raw channel farmed,fillet fish based plant,"Fish, catfish, channel, farmed, raw",plant based fish fillet,15234,1094,0.346,n,
trout fish raw rainbow farmed,rainbow o cereal morning,"Fish, trout, rainbow, farmed, raw",Rainbow Morning O's Cereals,15240,681,0.45,n,
tilapia fish raw,fillet fish based plant,"Fish, tilapia, raw",plant based fish fillet,15261,1094,0.291,n,
baked bean plain canned vegetarian,black bean canned sw,"Beans, baked, canned, plain or vegetarian",Canned black beans (S&W),16006,268,0.453,n,Navy beans
bean raw mature black seed,black bean canned sw,"Beans, black, mature seeds, raw",Canned black beans (S&W),16014,268,0.592,,
bean without cooked mature salt boiled black seed,black bean canned sw,"Beans, black, mature seeds, cooked, boiled, without salt",Canned black beans (S&W),16015,268,0.473,,
bean without cooked turtle mature salt boiled black seed,black bean canned sw,"Beans, black turtle, mature seeds, cooked, boiled, without salt",Canned black beans (S&W),16017,268,0.408,,
bean canned turtle mature black seed,black bean canned sw,"Beans, black turtle, mature seeds, canned",Canned black beans (S&W),16018,268,0.627,,
bean great canned northern mature seed,northern great bean,"Beans, great northern, mature seeds, canned",Great Northern Beans,16026,1102,0.815,,
bean without kidney cooked mature all salt boiled type seed,kidney canned bean,"Beans, kidney, all types, mature seeds, cooked, boiled, without salt",Canned Kidney beans,16028,271,0.539,,
bean red raw kidney mature seed,kidney canned bean,"Beans, kidney, red, mature seeds, raw",Canned Kidney beans,16032,271,0.703,,
bean without red kidney cooked mature salt boiled seed,kidney canned bean,"Beans, kidney, red, mature seeds, cooked, boiled, without salt",Canned Kidney beans,16033,271,0.579,,
bean red kidney canned mature liquid solid seed,kidney canned bean,"Beans, kidney, red, mature seeds, canned, solids and liquids",Canned Kidney beans,16034,271,0.706,,
bean raw pink mature seed,green bean steamed,"Beans, pink, mature seeds, raw",Steamed Green beans,16040,132,0.33,n,
bean without pink cooked mature salt boiled seed,oat bran cooked,"Beans, pink, mature seeds, cooked, boiled, without salt",cooked oat bran,16041,902,0.329,n,
pinto bean raw mature seed,pinto sodium bean canned low,"Beans, pinto, mature seeds, raw",Canned low sodium pinto bean,16042,267,0.518,,
pinto bean without cooked mature salt boiled seed,pinto sodium bean canned low,"Beans, pinto, mature seeds, cooked, boiled, without salt",Canned low sodium pinto bean,16043,267,0.452,,
bean yellow without cooked mature salt boiled seed,yellow mango,"Beans, yellow, mature seeds, cooked, boiled, without salt",Yellow mango,16048,71,0.41,n,
bean without white cooked mature salt boiled seed,white bread,"Beans, white, mature seeds, cooked, boiled, without salt",White bread,16050,840,0.422,n,Cannellini Beans
bean without broadbeans cooked mature salt boiled fava seed,sprout bean,"Broadbeans (fava beans), mature seeds, cooked, boiled, without salt",Bean Sprouts,16053,1104,0.339,n,
flour carob,flour soy,Carob flour,Soy flour,16055,265,0.53,n,
bean garbanzo chickpea raw mature gram bengal seed,bean canned garbanzo,"Chickpeas (garbanzo beans, bengal gram), mature seeds, raw",Canned garbanzo beans,16056,269,0.616,,
bean without garbanzo chickpea cooked mature salt boiled gram bengal seed,bean canned garbanzo,"Chickpeas (garbanzo beans, bengal gram), mature seeds, cooked, boiled, without salt",Canned garbanzo beans,16057,269,0.561,,
without cooked blackeyes mature salt crowder boiled southern cowpea seed common,black pea eyed,"Cowpeas, common (blackeyes, crowder, southern), mature seeds, cooked, boiled, without salt",Black-eyed Peas,16063,1099,0.356,,
raw lentil,grain brown lentil whole,"Lentils, raw",Whole grain brown lentils,16069,460,0.632,,
without cooked mature salt boiled lentil seed,grain brown lentil whole,"Lentils, mature seeds, cooked, boiled, without salt",Whole grain brown lentils,16070,460,0.419,,
bean large without lima cooked mature salt boiled seed,lima bean,"Lima beans, large, mature seeds, cooked, boiled, without salt",Lima Beans,16072,1103,0.498,,
bean without cooked mature salt mung boiled seed,oat bran cooked,"Mung beans, mature seeds, cooked, boiled, without salt",cooked oat bran,16081,902,0.309,n,
without split cooked mature pea salt boiled seed,green pea split,"Peas, split, mature seeds, cooked, boiled, without salt",Green split peas,16086,1100,0.543,,
type raw peanut all,peanut,"Peanuts, all types, raw",Peanuts,16087,551,0.678,,
peanut cooked all salt boiled type,peanut,"Peanuts, all types, cooked, boiled, with salt",Peanuts,16088,551,0.543,,
oil peanut roasted all salt type,peanut,"Peanuts, all types, oil-roasted, with salt",Peanuts,16089,551,0.556,,
peanut dry roasted all salt type,peanut,"Peanuts, all types, dry-roasted, with salt",Peanuts,16090,551,0.543,,
smooth program peanut butter food salt for usda includes style,cracker peanut butter,"Peanut butter, smooth style, with salt (Includes foods for USDA's Food Distribution Program)",Peanut butter crackers,16098,545,0.387,n,Creamy peanut butter (Skippy)
defatted flour peanut,peanut,"Peanut flour, defatted",Peanuts,16099,551,0.526,n,
bean canned refried traditional style,bean refried,"Refried beans, canned, traditional style",Refried Beans,16103,757,0.558,,
bacon meatless,strip based bacon plant,"Bacon, meatless",plant based bacon strip,16104,1096,0.399,,
sausage meatless,sausage beyond,"Sausage, meatless",beyond sausage,16107,1097,0.541,,
without soybean cooked mature salt boiled,oat bran cooked,"Soybeans, mature cooked, boiled, without salt",cooked oat bran,16109,902,0.313,n,
salted soybean mature roasted seed,roasted seaweed,"Soybeans, mature seeds, roasted, salted",Roasted seaweed,16110,538,0.452,n,
miso,soy milk,Miso,Soy milk,16112,228,0.214,n,
natto,hunt tomato paste,Natto,Hunt's Tomato paste,16113,802,0.189,n,
fat full raw flour soy,flour soy,"Soy flour, full-fat, raw",Soy flour,16115,265,0.72,,
flour defatted soy,flour soy,"Soy flour, defatted",Soy flour,16117,265,0.657,,
soy isolate protein,powder protein,Soy protein isolate,Protein powder,16122,778,0.527,,
made wheat soy sauce shoyu from,soy sauce,Soy sauce made from soy and wheat (shoyu),Soy sauce,16123,761,0.612,,
prepared nigari magnesium sulfate soft chloride calcium tofu,silken soft tofu,"Tofu, soft, prepared with calcium sulfate and magnesium chloride (nigari)",Soft Silken Tofu,16127,702,0.374,,
fried tofu,silken soft tofu,"Tofu, fried",Soft Silken Tofu,16129,702,0.5,n,Firm Tofu (Wildwood)
d added a calcium original soymilk vitamin vanilla,vanilla cream bean ice,"Soymilk, original and vanilla, with added calcium, vitamins A and D",Vanilla bean ice cream,16139,789,0.421,n,Soy milk
d added a chocolate calcium soymilk vitamin,chocolate milk lowfat,"Soymilk, chocolate, with added calcium, vitamins A and D",Lowfat chocolate milk,16168,238,0.496,n,Soy milk
bean fat free canned refried,bean refried,"Refried beans, canned, fat-free",Refried Beans,16172,757,0.815,,
d added a calcium original soymilk vitamin vanilla light,vanilla cream bean ice,"Soymilk, original and vanilla, light, with added calcium, vitamins A and D",Vanilla bean ice cream,16225,789,0.401,n,
d added other flavor a chocolate calcium soymilk vitamin light,chocolate milk lowfat,"Soymilk, chocolate and other flavors, light, with added calcium, vitamins A and D",Lowfat chocolate milk,16227,238,0.452,n,
nonfat d added flavor a all calcium soymilk vitamin,soy milk,"Soymilk (all flavors), nonfat, with added calcium, vitamins A and D",Soy milk,16230,228,0.398,,
bean sodium canned mature black low seed,pinto sodium bean canned low,"Beans, black, mature seeds, canned, low sodium",Canned low sodium pinto bean,16316,267,0.666,n,Canned black beans (S&W)
bean sodium red canned kidney mature liquid solid low,kidney canned bean,"Beans, mature, red kidney, canned, solids and liquid, low sodium",Canned Kidney beans,16337,271,0.64,,
pinto bean sodium canned mature liquid solid low seed,pinto sodium bean canned low,"Beans, pinto, mature seeds, canned, solids and liquids, low sodium",Canned low sodium pinto bean,16347,267,0.756,,
bean sodium garbanzo chickpea canned solid mature liquid gram low bengal seed,bean canned garbanzo,"Chickpeas (garbanzo beans, bengal gram), mature seeds, canned, solids and liquids, low sodium",Canned garbanzo beans,16360,269,0.586,,
without oil peanut roasted all salt type,peanut,"Peanuts, all types, oil-roasted, without salt",Peanuts,16389,551,0.53,,
without peanut dry roasted all salt type,peanut,"Peanuts, all types, dry-roasted, without salt",Peanuts,16390,551,0.522,,
bean sodium canned refried reduced traditional,bean refried,"Refried beans, canned, traditional, reduced sodium",Refried Beans,16403,757,0.528,,
made sodium wheat soy sauce shoyu from low,soy sauce,"Soy sauce made from soy and wheat (shoyu), low sodium",Soy sauce,16424,761,0.558,,
of cut fat trimmed lean composite retail cooked lamb 14 separable choice,oat bran cooked,"Lamb, composite of trimmed retail cuts, separable lean and fat, trimmed to 1/4"" fat, choice, cooked",cooked oat bran,17002,902,0.276,n,
braised foreshank fat trimmed lean cooked lamb 14 separable choice,oat bran cooked,"Lamb, foreshank, separable lean and fat, trimmed to 1/4"" fat, choice, cooked, braised",cooked oat bran,17008,902,0.35,n,
fat trimmed lean sirloin shank leg lamb 14 cooked roasted separable whole choice,pepper red steamed bell whole seed,"Lamb, leg, whole (shank and sirloin), separable lean and fat, trimmed to 1/4"" fat, choice, cooked, roasted",Steamed whole red bell pepper w/o seed,17012,143,0.342,n,
fat trimmed lean sirloin shank leg lamb 14 cooked roasted separable whole choice,pepper red steamed bell whole seed,"Lamb, leg, whole (shank and sirloin), separable lean only, trimmed to 1/4"" fat, choice, cooked, roasted",Steamed whole red bell pepper w/o seed,17014,143,0.342,n,
broiled fat trimmed lean loin cooked lamb 14 separable choice,oat bran cooked,"Lamb, loin, separable lean and fat, trimmed to 1/4"" fat, choice, cooked, broiled",cooked oat bran,17024,902,0.313,n,
broiled fat trimmed lean loin cooked lamb 14 separable choice,oat bran cooked,"Lamb, loin, separable lean only, trimmed to 1/4"" fat, choice, cooked, broiled",cooked oat bran,17027,902,0.313,n,
broiled fat trimmed lean cooked lamb 14 separable rib choice,oat bran cooked,"Lamb, rib, separable lean and fat, trimmed to 1/4"" fat, choice, cooked, broiled",cooked oat bran,17030,902,0.312,n,
broiled fat trimmed lean cooked lamb 14 separable rib choice,oat bran cooked,"Lamb, rib, separable lean only, trimmed to 1/4"" fat, choice, cooked, broiled",cooked oat bran,17033,902,0.312,n,
fat trimmed lean raw arm lamb blade 14 separable whole choice shoulder,farm yellow prima peach whole,"Lamb, shoulder, whole (arm and blade), separable lean and fat, trimmed to 1/4"" fat, choice, raw",Whole yellow peach (Prima Farms),17035,61,0.365,n,
fat trimmed lean arm cooked lamb blade 14 roasted separable whole choice shoulder,pepper red steamed bell whole seed,"Lamb, shoulder, whole (arm and blade), separable lean and fat, trimmed to 1/4"" fat, choice, cooked, roasted",Steamed whole red bell pepper w/o seed,17038,143,0.37,n,
fat trimmed lean arm cooked lamb blade 14 roasted separable whole choice shoulder,pepper red steamed bell whole seed,"Lamb, shoulder, whole (arm and blade), separable lean only, trimmed to 1/4"" fat, choice, cooked, roasted",Steamed whole red bell pepper w/o seed,17042,143,0.37,n,
braised fat kabob trimmed cubed lean cooked leg lamb 14 separable for stew shoulder,oat bran cooked,"Lamb, cubed for stew or kabob (leg and shoulder), separable lean only, trimmed to 1/4"" fat, cooked, braised",cooked oat bran,17060,902,0.313,n,
of cut fat trimmed lean composite veal retail cooked separable,oat bran cooked,"Veal, composite of trimmed retail cuts, separable lean and fat, cooked",cooked oat bran,17089,902,0.283,n,
of cut trimmed lean composite veal retail cooked separable,steamed stalk green collard leaf,"Veal, composite of trimmed retail cuts, separable lean only, cooked",Steamed Collard greens leaves and stalk,17091,119,0.274,n,
braised fat lean top veal cooked leg round separable,oat bran cooked,"Veal, leg (top round), separable lean and fat, cooked, braised",cooked oat bran,17095,902,0.393,n,
fried fat lean top breaded veal cooked leg round separable pan,bean refried,"Veal, leg (top round), separable lean and fat, cooked, pan-fried, breaded",Refried Beans,17096,757,0.369,n,
fried fat lean top breaded veal cooked leg round separable pan,bean refried,"Veal, leg (top round), separable lean and fat, cooked, pan-fried, not breaded",Refried Beans,17097,757,0.369,n,
fat lean top veal cooked leg round roasted separable,tip steak round beef,"Veal, leg (top round), separable lean and fat, cooked, roasted",Beef round tip steak,17098,876,0.371,n,
fried lean top breaded veal cooked leg round separable pan,bean refried,"Veal, leg (top round), separable lean only, cooked, pan-fried, not breaded",Refried Beans,17102,757,0.368,n,
fat lean raw loin veal separable,grain oat cereal whole,"Veal, loin, separable lean and fat, raw",Whole grain oat cereal,17104,257,0.304,n,
lean loin veal cooked roasted separable,roasted seaweed,"Veal, loin, separable lean only, cooked, roasted",Roasted seaweed,17109,538,0.39,n,
fat lean raw sirloin veal separable,raisin bran cereal,"Veal, sirloin, separable lean and fat, raw",Raisin bran cereal,17134,503,0.274,n,
fat lean sirloin veal cooked roasted separable,roasted seaweed,"Veal, sirloin, separable lean and fat, cooked, roasted",Roasted seaweed,17136,538,0.351,n,
broiled ground veal cooked,ground pork,"Veal, ground, cooked, broiled",ground pork,17143,910,0.519,n,
game bear cooked meat simmered,green bean steamed,"Game meat, bear, cooked, simmered",Steamed Green beans,17147,132,0.396,n,
game beaver cooked meat roasted,green bean steamed,"Game meat, beaver, cooked, roasted",Steamed Green beans,17151,132,0.43,n,
game bison lean cooked meat roasted separable,green bean steamed,"Game meat, bison, separable lean only, cooked, roasted",Steamed Green beans,17157,132,0.37,n,
game boar cooked meat roasted wild,roasted seaweed,"Game meat, boar, wild, cooked, roasted",Roasted seaweed,17159,538,0.365,n,
game cooked meat roasted goat,oat bran cooked,"Game meat, goat, cooked, roasted",cooked oat bran,17169,902,0.498,n,
moose game cooked meat roasted,roasted almond,"Game meat, moose, cooked, roasted",roasted almonds,17173,899,0.377,n,
domesticated of cut game composite cooked stewed rabbit meat,sweet potato steamed whole,"Game meat, rabbit, domesticated, composite of cuts, cooked, stewed",Steamed whole sweet potato,17179,157,0.305,n,
raccoon game cooked meat roasted,oat bran cooked,"Game meat, raccoon, cooked, roasted",cooked oat bran,17182,902,0.396,n,
game cooked meat roasted squirrel,squash neck yellow steamed,"Game meat, squirrel, cooked, roasted",Steamed yellow neck squash,17184,149,0.348,n,
lamb raw ground,ground pork,"Lamb, ground, raw",ground pork,17224,910,0.581,n,
lamb broiled ground cooked,ground pork,"Lamb, ground, cooked, broiled",ground pork,17225,910,0.505,n,
deer game raw ground meat,ground pork,"Game meat, deer, ground, raw",ground pork,17343,910,0.475,n,
deer broiled game ground cooked meat pan,ground pork,"Game meat, deer, ground, cooked, pan-broiled",ground pork,17344,910,0.441,n,
deer 1 broiled game lean loin cooked meat separable steak,green bean steamed,"Game meat, deer, loin, separable lean only, 1"" steak, cooked, broiled",Steamed Green beans,17345,132,0.415,n,
braised deer game lean cooked meat separable clod shoulder,oat bran cooked,"Game meat, deer, shoulder clod, separable lean only, cooked, braised",cooked oat bran,17346,902,0.341,n,
sodium baking acting sulfate powder aluminum agent double leavening,pinto sodium bean canned low,"Leavening agents, baking powder, double-acting, sodium aluminum sulfate",Canned low sodium pinto bean,18369,267,0.333,n,
baking phosphate acting powder agent straight double leavening,rainbow o cereal morning,"Leavening agents, baking powder, double-acting, straight phosphate",Rainbow Morning O's Cereals,18370,681,0.251,n,
agent soda baking leavening,orange navel,"Leavening agents, baking soda",Navel orange,18372,87,0.259,n,
of tartar agent cream leavening,farina of wheat cerealcream,"Leavening agents, cream of tartar",Wheat farina cereal/cream of wheat,18373,427,0.309,n,
compressed agent baker yeast leavening,breast chicken tender,"Leavening agents, yeast, baker's, compressed",Chicken breast tender,18374,871,0.256,n,
active dry agent baker yeast leavening,chive,"Leavening agents, yeast, baker's, active dry",chives,18375,907,0.243,n,
milk tiger schiff bar,milk whole,"SCHIFF,TIGER'S MILK BAR",Whole milk,19000,239,0.289,n,
chopped beef jerky snack formed,chopped green giant spinach frozen,"Snacks, beef jerky, chopped and formed",Frozen Chopped Spinach (Green Giant),19002,721,0.36,n,
popcorn air snack popped,popcorn,"Snacks, popcorn, air-popped",Popcorn,19034,550,0.749,,
popcorn snack cake,popcorn,"Snacks, popcorn, cakes",Popcorn,19036,550,0.74,,
cheese popcorn snack flavor,popcorn,"Snacks, popcorn, cheese-flavor",Popcorn,19040,550,0.654,,
skin snack plain pork,blueberry snack bar,"Snacks, pork skins, plain",snack bar (blueberry),19041,900,0.319,n,
candy unsweetened carob,milk almond unsweetened,"Candies, carob, unsweetened",Unsweetened almond milk,19071,794,0.502,n,
chocolate baking unsweetened square,chocolate,"Baking chocolate, unsweetened, squares",Chocolate,19078,776,0.513,n,
coating candy confectioner yogurt,yogurt,"Candies, confectioner's coating, yogurt",Yogurt,19079,788,0.454,n,
cocoa unsweetened powder dry,cocoa powder,"Cocoa, dry powder, unsweetened",Cocoa powder,19165,892,0.705,,
cocoa alkali powder unsweetened dry processed,cocoa powder,"Cocoa, dry powder, unsweetened, processed with alkali",Cocoa powder,19166,892,0.553,,
honey,honey,Honey,Honey,19296,760,1,,
orange marmalade,orange jam bonne maman,"Marmalade, orange",Orange jam (Bonne Maman),19303,212,0.417,,
molasses,brussel sprout steamed whole,Molasses,Steamed Whole brussel sprouts,19304,126,0.212,n,
apple filling pie canned,cannellini bean,"Pie fillings, apple, canned",Cannellini Beans,19312,811,0.471,n,Original apple sauce (Tree top)
sugar brown,sugar table,"Sugars, brown",Table sugar,19334,773,0.586,,
sugar granulated,sugar table,"Sugars, granulated",Table sugar,19335,773,0.517,,
sugar powdered,sugar table,"Sugars, powdered",Table sugar,19336,773,0.546,,
equal packet tabletop sweetener aspartame,sweet potato steamed whole,"Sweeteners, tabletop, aspartame, EQUAL, packets",Steamed whole sweet potato,19337,157,0.366,n,
corn syrup light,maple syrup,"Syrups, corn, light",Maple syrup,19350,759,0.528,n,
corn high fructose syrup,maple syrup,"Syrups, corn, high-fructose",Maple syrup,19351,759,0.427,n,
maple syrup,maple syrup,"Syrups, maple",Maple syrup,19353,759,1,,
chip snack banana,chip banana,"Snacks, banana chips",Banana chips,19400,527,0.877,,
chip salted plain potato snack,bread potato,"Snacks, potato chips, plain, salted",Potato bread,19411,199,0.438,n,Steamed russet potato flesh only
cocoa fat alkali powder dry hi processed breakfast,cocoa powder,"Cocoa, dry powder, hi-fat or breakfast, processed with alkali",Cocoa powder,19860,892,0.531,,
candy nut soft fruit square,squash butternut steamed,"Candies, soft fruit and nut squares",Steamed butternut squash,19866,146,0.348,n,
splenda tabletop sweetener packet sucralose,flav green pac pea whole r frozen sweet,"Sweeteners, tabletop, sucralose, SPLENDA packets",Frozen Whole Sweet Green Peas (Flav R Pac),19868,712,0.33,n,
candy 69 59 5 90 chocolate 60 85 cacao 70 45 solid dark,chocolate,"Candies, chocolate, dark, NFS (45-59% cacao solids 90%; 60-69% cacao solids 5%; 70-85% cacao solids 5%)",Chocolate,19905,776,0.334,,
sweetener syrup agave,maple syrup,"Sweetener, syrup, agave",Maple syrup,19912,759,0.455,n,
extract stevia powder from herbal sweetener leaf,flav green pac pea whole r frozen sweet,"Sweetener, herbal extract powder from Stevia leaf",Frozen Whole Sweet Green Peas (Flav R Pac),19918,712,0.318,n,
raw barley pearled,grain barley pearl whole,"Barley, pearled, raw",Whole grain pearl barley,20005,470,0.85,,
cooked barley pearled,grain barley pearl whole,"Barley, pearled, cooked",Whole grain pearl barley,20006,470,0.814,,
roasted groat cooked buckwheat,hot buckwheat creamy cereal whole grain,"Buckwheat groats, roasted, cooked",Hot cereal whole grain creamy buckwheat,20010,461,0.531,,
flour groat whole buckwheat,flour wheat whole,"Buckwheat flour, whole-groat",Whole wheat flour,20011,835,0.691,n,Hot cereal whole grain creamy buckwheat
bulgur dry,grain bulgur red whole,"Bulgur, dry",Red whole grain bulgur,20012,454,0.745,,
bulgur cooked,grain bulgur red whole,"Bulgur, cooked",Red whole grain bulgur,20013,454,0.745,,
masa white corn enriched flour,white rice enriched long mahatma,"Corn flour, masa, enriched, white",Enriched long white rice (Mahatma),20017,425,0.538,n,Dried corn grits/polenta
masa white corn flour unenriched,white rice enriched long mahatma,"Corn flour, masa, unenriched, white",Enriched long white rice (Mahatma),20019,425,0.502,n,Dried corn grits/polenta
degermed yellow enriched cornmeal,cornmeal,"Cornmeal, degermed, enriched, yellow",Cornmeal,20022,767,0.577,,
cornstarch,starch corn,Cornstarch,Corn Starch,20027,785,0.86,,
couscous cooked,couscous toasted pearl,"Couscous, cooked",Toasted Pearl couscous,20029,863,0.788,,
white canned hominy,white bread,"Hominy, canned, white",White bread,20030,840,0.388,n,
millet cooked,fillet fish based plant,"Millet, cooked",plant based fish fillet,20032,1094,0.381,n,
oat bran raw,oat bran cooked,"Oat bran, raw",cooked oat bran,20033,902,0.75,,
rice raw long grain brown,brown rice cake,"Rice, brown, long-grain, raw",Brown Rice Rice Cake,20036,663,0.587,n,Brown rice (Mahatma)
rice cooked long grain brown,brown rice cake,"Rice, brown, long-grain, cooked",Brown Rice Rice Cake,20037,663,0.591,n,Brown rice (Mahatma)
white rice raw enriched long grain regular,white rice enriched long mahatma,"Rice, white, long-grain, regular, raw, enriched",Enriched long white rice (Mahatma),20044,425,0.633,,
white rice enriched cooked long grain regular,white rice enriched long mahatma,"Rice, white, long-grain, regular, enriched, cooked",Enriched long white rice (Mahatma),20045,425,0.625,,
glutinous white rice cooked unenriched,white rice enriched long mahatma,"Rice, white, glutinous, unenriched, cooked",Enriched long white rice (Mahatma),20055,425,0.484,,
white flour rice unenriched,white rice enriched long mahatma,"Rice flour, white, unenriched",Enriched long white rice (Mahatma),20061,425,0.587,n,Rice cereal (Gerber)
flour medium rye,flour soy,"Rye flour, medium",Soy flour,20064,265,0.492,n,
dry tapioca pearl,grain barley pearl whole,"Tapioca, pearl, dry",Whole grain pearl barley,20068,470,0.395,n,
bran wheat crude,bran wheat cereal,"Wheat bran, crude",Wheat bran cereal,20077,819,0.549,,
for program wheat usda flour food whole grain includes,flour wheat whole,"Wheat flour, whole-grain (Includes foods for USDA's Food Distribution Program)",Whole wheat flour,20080,835,0.528,,
white bleached wheat enriched flour all purpose,flour all purpose,"Wheat flour, white, all-purpose, enriched, bleached",All purpose flour,20081,774,0.617,,
white wheat enriched flour bread,white bread,"Wheat flour, white, bread, enriched",White bread,20083,840,0.615,n,All purpose flour
rice wild raw,blend rice wild,"Wild rice, raw",Wild blend rice,20088,866,0.742,,
rice wild cooked,blend rice wild,"Wild rice, cooked",Wild blend rice,20089,866,0.691,,
macaroni vegetable enriched cooked,chip vegetable,"Macaroni, vegetable, enriched, cooked",Vegetable chips,20106,548,0.506,n,
egg enriched dry noodle,noodle rice fry stir,"Noodles, egg, dry, enriched",Stir fry rice noodle,20109,861,0.546,n,
egg enriched cooked noodle,soup chicken noodle,"Noodles, egg, enriched, cooked",Chicken Noodle Soup,20110,810,0.523,n,
egg enriched cooked noodle spinach,soup chicken noodle,"Noodles, egg, spinach, enriched, cooked",Chicken Noodle Soup,20112,810,0.481,n,
chow mein chinese noodle,soup chicken noodle,"Noodles, chinese, chow mein",Chicken Noodle Soup,20113,810,0.524,n,
crunchy flat noodle restaurant chinese,soup chicken noodle,"Noodles, flat, crunchy, Chinese restaurant",Chicken Noodle Soup,20118,810,0.399,n,
enriched pasta dry,white rice enriched long mahatma,"Pasta, dry, enriched",Enriched long white rice (Mahatma),20120,425,0.45,n,Spaghetti
without added enriched cooked salt pasta,white rice enriched long mahatma,"Pasta, cooked, enriched, without added salt",Enriched long white rice (Mahatma),20121,425,0.398,n,Spaghetti
for program wheat pasta cooked food whole usda includes,wheat bread whole,"Pasta, whole-wheat, cooked (Includes foods for USDA's Food Distribution Program)",Whole wheat bread,20125,836,0.383,n,Whole wheat spaghetti
rice cooked noodle,noodle rice fry stir,"Rice noodles, cooked",Stir fry rice noodle,20134,861,0.706,,
quinoa cooked,quinoa,"Quinoa, cooked",Quinoa,20137,420,0.894,,
white rice enriched cooked long salt grain regular,white rice enriched long mahatma,"Rice, white, long-grain, regular, cooked, enriched, with salt",Enriched long white rice (Mahatma),20345,425,0.614,,
without white rice cooked long salt grain unenriched regular,white rice enriched long mahatma,"Rice, white, long-grain, regular, unenriched, cooked without salt",Enriched long white rice (Mahatma),20445,425,0.571,,
white wheat flour all purpose unenriched,flour all purpose,"Wheat flour, white, all-purpose, unenriched",All purpose flour,20481,774,0.682,,
chuck braised fat lean beef cooked separable all grade for stew,oat bran cooked,"Beef, chuck for stew, separable lean and fat, all grades, cooked, braised",cooked oat bran,23090,902,0.368,n,Beef round tip steak
on fat trimmed lean lip 18 grilled beef cooked eye rib separable all boneless grade steak,pepper steamed bell green whole seed,"Beef, rib eye steak, boneless, lip-on, separable lean only, trimmed to 1/8"" fat, all grades, cooked, grilled",Steamed whole green bell pepper w/o seed,23100,142,0.38,n,Beef round tip steak
on fat trimmed lean lip 18 grilled beef cooked eye rib separable all boneless grade steak,pepper steamed bell green whole seed,"Beef, rib eye steak, boneless, lip-on, separable lean and fat, trimmed to 1/8"" fat, all grades, cooked, grilled",Steamed whole green bell pepper w/o seed,23197,142,0.38,n,Beef round tip steak
fat 0 trimmed lean top raw beef round separable all grade boneless roast,tip steak round beef,"Beef, round, top round roast, boneless, separable lean and fat, trimmed to 0"" fat, all grades, raw",Beef round tip steak,23327,876,0.389,,
fat 0 trimmed lean top lip loin raw beef separable all grade boneless steak off,tip steak round beef,"Beef, loin, top loin steak, boneless, lip off, separable lean and fat, trimmed to 0"" fat, all grades, raw",Beef round tip steak,23339,876,0.378,,
fat 0 trimmed lean top beef cooked round roasted separable all grade boneless roast,roasted seaweed,"Beef, round, top round roast, boneless, separable lean and fat, trimmed to 0"" fat, all grades, cooked, roasted",Roasted seaweed,23348,538,0.42,n,Beef round tip steak
0 fat trimmed lean top raw beef round separable all grade boneless steak,tip steak round beef,"Beef, round, top round steak, boneless, separable lean only, trimmed to 0"" fat, all grades, raw",Beef round tip steak,23354,876,0.493,,
0 fat trimmed lean top raw beef round separable all grade boneless roast,tip steak round beef,"Beef, round, top round roast, boneless, separable lean only, trimmed to 0"" fat, all grades, raw",Beef round tip steak,23357,876,0.389,,
of 0 fat trimmed lean raw beef eye round separable all grade boneless roast,tip steak round beef,"Beef, round, eye of round roast, boneless, separable lean only, trimmed to 0"" fat, all grades, raw",Beef round tip steak,23360,876,0.384,,
0 fat trimmed lean top lip loin raw beef separable all grade boneless steak off,tip steak round beef,"Beef, loin, top loin steak, boneless, lip off, separable lean only, trimmed to 0"" fat, all grades, raw",Beef round tip steak,23369,876,0.378,,
0 fat trimmed lean top beef cooked round roasted separable all grade boneless roast,roasted seaweed,"Beef, round, top round roast, boneless, separable lean only, trimmed to 0"" fat, all grades, cooked, roasted",Roasted seaweed,23378,538,0.42,n,Beef round tip steak
fat lean raw ground beef meat 95 5,tip steak round beef,"Beef, ground, 95% lean meat / 5% fat, raw",Beef round tip steak,23557,876,0.431,,
fat lean raw ground beef 90 meat 10,tip steak round beef,"Beef, ground, 90% lean meat / 10% fat, raw",Beef round tip steak,23562,876,0.427,,
broiled fat lean patty ground beef cooked 90 meat 10,tip steak round beef,"Beef, ground, 90% lean meat / 10% fat, patty, cooked, broiled",Beef round tip steak,23563,876,0.391,,
program fat 15 lean raw ground beef meat 85 food for usda includes,ground pork,"Beef, ground, 85% lean meat / 15% fat, raw (Includes foods for USDA's Food Distribution Program)",ground pork,23567,910,0.335,n,Beef round tip steak
broiled fat 15 lean patty ground beef cooked meat 85,tip steak round beef,"Beef, ground, 85% lean meat / 15% fat, patty, cooked, broiled",Beef round tip steak,23568,876,0.387,,
browned fat 15 crumbles lean ground beef cooked meat 85 pan,tip steak round beef,"Beef, ground, 85% lean meat / 15% fat, crumbles, cooked, pan-browned",Beef round tip steak,23570,876,0.352,,
fat 20 lean raw ground beef meat 80,tip steak round beef,"Beef, ground, 80% lean meat / 20% fat, raw",Beef round tip steak,23572,876,0.436,,
broiled fat 20 lean patty ground beef cooked meat 80,tip steak round beef,"Beef, ground, 80% lean meat / 20% fat, patty, cooked, broiled",Beef round tip steak,23573,876,0.396,,
browned fat 20 crumbles lean ground beef cooked meat 80 pan,tip steak round beef,"Beef, ground, 80% lean meat / 20% fat, crumbles, cooked, pan-browned",Beef round tip steak,23575,876,0.359,,
fat 75 lean raw ground beef meat 25,tip steak round beef,"Beef, ground, 75% lean meat / 25% fat, raw",Beef round tip steak,23577,876,0.413,,
broiled fat 75 lean patty ground beef cooked meat 25,tip steak round beef,"Beef, ground, 75% lean meat / 25% fat, patty, cooked, broiled",Beef round tip steak,23578,876,0.383,,
browned fat 75 crumbles lean ground beef cooked pan meat 25,tip steak round beef,"Beef, ground, 75% lean meat / 25% fat, crumbles, cooked, pan-browned",Beef round tip steak,23580,876,0.35,,
baked fat 75 lean loaf ground beef cooked meat 25,tip steak round beef,"Beef, ground, 75% lean meat / 25% fat, loaf, cooked, baked",Beef round tip steak,23581,876,0.395,,
broiled fat select trimmed lean top 18 sirloin beef cooked separable steak,peeled steamed beetroot,"Beef, top sirloin, steak, separable lean only, trimmed to 1/8"" fat, select, cooked, broiled","Peeled, steamed beetroot",23588,104,0.367,n,Beef round tip steak
fat select trimmed lean 18 beef cooked round roasted separable roast bottom,roasted seaweed,"Beef, round, bottom round , roast, separable lean only, trimmed to 1/8"" fat, select, cooked, roasted",Roasted seaweed,23590,538,0.411,n,Beef round tip steak
chuck braised fat trimmed lean 18 pot arm beef cooked separable all grade roast,oat bran cooked,"Beef, chuck, arm pot roast, separable lean only, trimmed to 1/8"" fat, all grades, cooked, braised",cooked oat bran,23602,902,0.377,n,Beef round tip steak
broiled fat short trimmed lean top 18 loin beef cooked separable all grade steak,tip steak round beef,"Beef, short loin, top loin, steak, separable lean only, trimmed to 1/8"" fat, all grades, cooked, broiled",Beef round tip steak,23606,876,0.361,,
broiled fat trimmed lean top 18 sirloin beef cooked separable all grade steak,tip steak round beef,"Beef, top sirloin, steak, separable lean only, trimmed to 1/8"" fat, all grades, cooked, broiled",Beef round tip steak,23610,876,0.354,,
chuck fat trimmed lean 18 raw pot arm beef separable choice roast,farm yellow prima peach whole,"Beef, chuck, arm pot roast, separable lean only, trimmed to 1/8"" fat, choice, raw",Whole yellow peach (Prima Farms),23612,61,0.308,n,Beef round tip steak
chuck braised fat trimmed lean 18 pot arm beef cooked separable choice roast,oat bran cooked,"Beef, chuck, arm pot roast, separable lean only, trimmed to 1/8"" fat, choice, cooked, braised",cooked oat bran,23614,902,0.375,n,Beef round tip steak
of fat trimmed lean 18 raw beef eye round separable choice roast,tip steak round beef,"Beef, round, eye of round, roast, separable lean only, trimmed to 1/8"" fat, choice, raw",Beef round tip steak,23616,876,0.406,,
fat trimmed lean top 18 sirloin raw beef separable steak choice,tip steak round beef,"Beef, top sirloin, steak, separable lean only, trimmed to 1/8"" fat, choice, raw",Beef round tip steak,23625,876,0.355,,
broiled small end trimmed lean beef cooked 18fat rib separable 12 10 choice,blend rice wild,"Beef, rib, small end (ribs 10-12), separable lean only, trimmed to 1/8""fat, choice, cooked, broiled",Wild blend rice,23626,866,0.285,n,Beef round tip steak
broiled fat trimmed lean top 18 sirloin beef cooked separable steak choice,tip steak round beef,"Beef, top sirloin, steak, separable lean only, trimmed to 1/8"" fat, choice, cooked, broiled",Beef round tip steak,23629,876,0.353,,
chuck fat select trimmed lean 18 raw pot arm beef separable roast,peeled steamed beetroot,"Beef, chuck, arm pot roast, separable lean only, trimmed to 1/8"" fat, select, raw","Peeled, steamed beetroot",23631,104,0.308,n,Beef round tip steak
chip potato unsalted snack sweet,sweet potato steamed whole,"Snacks, sweet potato chips, unsalted",Steamed whole sweet potato,25012,157,0.521,n,
chip salted snack plantain,steamed 10 plantain banana,"Snacks, plantain chips, salted",Plantain banana (steamed 10 in),25027,46,0.466,n,
roasted pea flavored wasabi snack,roasted seaweed,"Snacks, peas, roasted, wasabi-flavored",Roasted seaweed,25066,538,0.313,n,
wasabi,cracker wheat nabisco,Wasabi,Wheat crackers (Nabisco),27064,510,0.231,n,
horseradish sauce,soy sauce,"Sauce, horseradish",Soy sauce,27066,761,0.438,n,
fat topping whipped frozen low,chopped green giant spinach frozen,"Whipped topping, frozen, low fat",Frozen Chopped Spinach (Green Giant),42135,721,0.503,n,
substitute light cream powdered,powder protein,"Cream substitute, powdered, light",Protein powder,42136,778,0.313,n,
substitute light liquid cream,cream sour,"Cream substitute, liquid, light",Sour cream,42141,787,0.263,n,
cheese monterey low fat,cheese cream,"Cheese, monterey, low fat",cream cheese,42155,906,0.435,n,
nonfat sugar milk without sweetened yogurt chocolate frozen,chocolate milk lowfat,"Frozen yogurts, chocolate, nonfat milk, sweetened without sugar",Lowfat chocolate milk,42185,238,0.482,n,
frozen chocolate yogurt,chocolate,"Frozen yogurts, chocolate",Chocolate,42186,776,0.637,n,
other flavor yogurt chocolate than frozen,chocolate,"Frozen yogurts, flavors other than chocolate",Chocolate,42187,776,0.511,n,
milk fat fluid reduced buttermilk cultured,flour buttermilk pancakewaffle,"Milk, buttermilk, fluid, cultured, reduced fat",Buttermilk pancake/waffle flour,42189,263,0.432,n,
cold flaxseed oil pressed,flaxseed golden,"Oil, flaxseed, cold pressed",Golden flaxseed,42231,457,0.722,n,
nonfat milk fat skim free fortified fluid calcium,chocolate milk lowfat,"Milk, fluid, nonfat, calcium fortified (fat free or skim)",Lowfat chocolate milk,42290,238,0.265,n,
cheese low fat muenster,cheese cream,"Cheese, muenster, low fat",cream cheese,42303,906,0.41,n,
cheese nonfat mozzarella,skim mozarella part moisture cheese low,"Cheese, mozzarella, nonfat",Low Moisture part Skim Mozarella cheese,42304,245,0.559,,
spread vegetable oil margarine like calorie butter reduced salt tub,vegetable juice,"Margarine-like, vegetable oil-butter spread, reduced calorie, tub, with salt",Vegetable juice,42309,234,0.422,n,
sugarless gum chewing,sugar table,"Chewing gum, sugarless",Table sugar,43060,773,0.421,n,
pedialyte fluid replacement include electrolyte solution,select kernel corn siganture frozen golden,"Fluid replacement, electrolyte solution (include PEDIALYTE)",Frozen Golden Corn Kernels (Siganture Select),43075,727,0.211,n,
fillet vegetarian,chip vegetable,Vegetarian fillets,Vegetable chips,43134,548,0.473,n,plant based fish fillet
hawaiian radish style pickled,pickle,"Radishes, hawaiian style, pickled",Pickles,43142,755,0.439,n,
fresh japanese pickled cabbage style,pickle,"Cabbage, japanese style, fresh, pickled",Pickles,43143,755,0.435,n,Purple cabbage
beverage light alcoholic wine,grain oat cereal whole,"Alcoholic beverage, wine, light",Whole grain oat cereal,43155,257,0.225,n,
sweetener sodium tabletop saccharin,pinto sodium bean canned low,"Sweeteners, tabletop, saccharin (sodium saccharin)",Canned low sodium pinto bean,43158,267,0.362,n,
instant reconstituted powder chocolate beverage breakfast,chocolate,"Beverage, instant breakfast powder, chocolate, not reconstituted",Chocolate,43205,776,0.415,n,
powder dry fructose tabletop sweetener,sweet potato steamed whole,"Sweeteners, tabletop, fructose, dry, powder",Steamed whole sweet potato,43216,157,0.342,n,
sugar instant free reconstituted powder chocolate beverage breakfast,chocolate,"Beverage, instant breakfast powder, chocolate, sugar-free, not reconstituted",Chocolate,43260,776,0.387,n,
made whipped dietetic substitute from mix cream powdered,pepper red steamed bell whole seed,"Whipped cream substitute, dietetic, made from powdered mix",Steamed whole red bell pepper w/o seed,43268,143,0.302,n,
cheese low cream fat,cheese cream,"Cheese, cream, low fat",cream cheese,43274,906,0.87,,
fat pasteurized american process cheese low,cheese american,"Cheese, pasteurized process, American, low fat",American Cheese,43275,762,0.596,,
cheese spread base cream,cheese cream,"Cheese spread, cream cheese base",cream cheese,43276,906,0.766,,
cooked total edible quail,oat bran cooked,"Quail, cooked, total edible",cooked oat bran,43282,902,0.253,n,
squab includes cooked dove,squash neck yellow steamed,"Dove, cooked (includes squab)",Steamed yellow neck squash,43287,149,0.274,n,
added canned potato salt solid drained,bread potato,"Potatoes, canned, drained solids, no salt added",Potato bread,43311,199,0.468,n,Steamed russet potato flesh only
wing turkey cooked bone removed skin smoked,turkey ground,"Turkey, wing, smoked, cooked, with skin, bone removed",ground turkey,43366,909,0.335,,
turkey drumstick cooked bone removed skin smoked,turkey ground,"Turkey, drumstick, smoked, cooked, with skin, bone removed",ground turkey,43367,909,0.312,,
fried broiled sodium cured pork cooked reduced roasted pan bacon,chicken sodium low broth,"Pork, cured, bacon, cooked, broiled, pan-fried or roasted, reduced sodium",Low sodium chicken broth,43378,795,0.38,n,ground pork
unsweetened cranberry juice,cranberry,"Cranberry juice, unsweetened",Cranberry,43382,772,0.676,n,
added canned turnip green salt,green bean steamed,"Turnip greens, canned, no salt added",Steamed Green beans,43387,132,0.36,n,
turkey cooked bone meat removed skin smoked dark light,turkey ground,"Turkey, light or dark meat, smoked, cooked, with skin, bone removed",ground turkey,43390,909,0.334,,
turkey cooked bone meat removed skin smoked dark light,turkey ground,"Turkey, light or dark meat, smoked, cooked, skin and bone removed",ground turkey,43391,909,0.334,,
of palm raw heart,artichoke canned heart,"Hearts of palm, raw",Canned Artichoke hearts,43392,274,0.441,n,
sodium cheddar pasteurized american process cheese low,cheese american,"Cheese, pasteurized process, cheddar or American, low sodium",American Cheese,43398,762,0.56,,
calorie instant reduced whitener beverage coffee,brewed coffee,"Beverages, coffee, instant, with whitener, reduced calorie",brewed coffee,43401,903,0.395,n,
cheese sodium low swiss,chicken sodium low broth,"Cheese, swiss, low sodium",Low sodium chicken broth,43405,795,0.507,n,
babyfood pear juice,apple juice,"Babyfood, juice, pear",Apple juice,43408,235,0.357,n,
baked bean added canned salt,black bean canned sw,"Beans, baked, canned, no salt added",Canned black beans (S&W),43449,268,0.53,n,Navy beans
rice beverage alcoholic sake,brown rice cake,"Alcoholic beverage, rice (sake)",Brown Rice Rice Cake,43479,663,0.319,n,
millet puffed,fillet fish based plant,"Millet, puffed",plant based fish fillet,43483,1094,0.295,n,
abbott drink plus ensure beverage ready,cabbage purple,"Beverages, ABBOTT, ENSURE PLUS, ready-to-drink",Purple cabbage,43528,886,0.253,n,
babyfood peach dessert yogurt,yogurt,"Babyfood, dessert, peach yogurt",Yogurt,43536,788,0.541,n,
chocolate cream ice rich,chocolate,"Ice creams, chocolate, rich",Chocolate,43541,776,0.743,n,Vanilla bean ice cream
non soy imitation milk,soy milk,"Milk, imitation, non-soy",Soy milk,43543,228,0.569,n,Unsweetened almond milk
eat of oat cereal post roasted bunch honey ready,nut oat honey cereal,"Cereals ready-to-eat, POST, HONEY BUNCHES OF OATS, honey roasted",Honey nut oat cereal,43570,258,0.644,n,
cheese low fat swiss,cheese cream,"Cheese, swiss, low fat",cream cheese,43589,906,0.439,n,
crust corn breakfast fruit flake bar,corn flake cereal,"Breakfast bar, corn flake crust with fruit",Corn cereal (corn flakes),43595,255,0.504,n,snack bar (blueberry)
cheese sodium low mozzarella,skim mozarella part moisture cheese low,"Cheese, mozzarella, low sodium",Low Moisture part Skim Mozarella cheese,43597,245,0.597,,
sugar babyfood canned grape juice,sugar table,"Babyfood, grape juice, no sugar, canned",Table sugar,44074,773,0.418,n,
filling blueberry pie canned,blueberry whole,"Pie fillings, blueberry, canned",Whole blueberry,44158,80,0.631,,
raw frog leg,frozen bean green whole,"Frog legs, raw",Frozen whole green beans,80200,596,0.231,n,
mollusk scallop steamed sea cooked bay,steamed stalk green collard leaf,"Mollusks, scallop, (bay and sea), cooked, steamed",Steamed Collard greens leaves and stalk,90240,119,0.373,n,
raw snail mollusk,blueberry snack bar,"Mollusks, snail, raw",snack bar (blueberry),90560,900,0.208,n,
turtle green raw,pear bartlett seed whole,"Turtle, green, raw",Whole Bartlett pear w/o seed,93600,34,0.394,n,
sausage fried link pork ground cooked chorizo pan,ground pork,"Sausage, pork, chorizo, link or ground, cooked, pan-fried",ground pork,100173,910,0.507,,
ham sodium sliced free added packaged reduced pre meat water deli 96fat,orange slice dried,"REDUCED SODIUM: Ham, sliced, pre-packaged, deli meat (96%fat free, water added)",Dried orange slices,907028,533,0.305,n,
sodium breast prepackaged sliced turkey reduced,chicken sodium low broth,"REDUCED SODIUM: Turkey breast, sliced, prepackaged",Low sodium chicken broth,907081,795,0.336,n,ground turkey
sodium breast prepackaged sliced chicken reduced seasoned deli rotisserie,breast chicken,"REDUCED SODIUM: Chicken breast, deli, rotisserie seasoned, sliced, prepackaged",Chicken breast,907961,875,0.485,,
ingredient vitamin d,green bean steamed,Vitamin D as ingredient,Steamed Green beans,999328,132,0.215,n,